15.27,35.82,160,0.06
15.27,35.92,160,0.07
15.27,36.02,160,0.07
15.27,36.12,160,0.06
15.27,36.22,165,0.05
15.27,36.32,165,0.05
15.27,36.42,,
15.27,36.52,,
15.27,36.62,,
15.27,36.72,,
15.27,36.82,,
15.27,36.92,,
15.27,37.02,,
15.27,37.12,,
15.27,37.22,,
15.27,37.32,,
15.27,37.42,,
15.27,37.52,,
15.27,37.62,,
15.27,37.72,,
15.27,37.82,,
15.27,37.92,,
15.27,38.02,,
15.27,38.12,,
15.27,38.22,,
15.27,38.32,,
15.27,38.42,,
15.27,38.52,,
15.27,38.62,,
15.27,38.72,125,0.02
15.27,38.82,40,0.01
15.27,38.92,5,0.03
15.27,39.02,355,0.05
15.27,39.12,360,0.05
15.27,39.22,360,0.05
15.27,39.32,360,0.06
15.27,39.42,360,0.05
15.27,39.52,360,0.05
15.27,39.62,360,0.05
15.27,39.72,355,0.04
15.27,39.82,,
15.27,39.92,,
15.27,40.02,,
15.27,40.12,,
15.27,40.22,,
15.27,40.32,,
15.27,40.42,,
15.27,40.52,,
15.37,35.82,160,0.05
15.37,35.92,155,0.05
15.37,36.02,150,0.05
15.37,36.12,,
15.37,36.22,165,0.03
15.37,36.32,180,0.02
15.37,36.42,,
15.37,36.52,,
15.37,36.62,,
15.37,36.72,,
15.37,36.82,,
15.37,36.92,,
15.37,37.02,,
15.37,37.12,,
15.37,37.22,,
15.37,37.32,,
15.37,37.42,,
15.37,37.52,,
15.37,37.62,,
15.37,37.72,,
15.37,37.82,,
15.37,37.92,,
15.37,38.02,,
15.37,38.12,,
15.37,38.22,,
15.37,38.32,,
15.37,38.42,,
15.37,38.52,,
15.37,38.62,,
15.37,38.72,160,0.02
15.37,38.82,355,0.01
15.37,38.92,345,0.03
15.37,39.02,345,0.05
15.37,39.12,350,0.05
15.37,39.22,355,0.05
15.37,39.32,360,0.05
15.37,39.42,0,0.05
15.37,39.52,0,0.05
15.37,39.62,0,0.05
15.37,39.72,,
15.37,39.82,,
15.37,39.92,,
15.37,40.02,,
15.37,40.12,,
15.37,40.22,,
15.37,40.32,,
15.37,40.42,,
15.37,40.52,,
15.47,35.82,155,0.02
15.47,35.92,145,0.03
15.47,36.02,135,0.03
15.47,36.12,145,0.02
15.47,36.22,165,0.01
15.47,36.32,255,0.01
15.47,36.42,75,0.0
15.47,36.52,,
15.47,36.62,,
15.47,36.72,,
15.47,36.82,,
15.47,36.92,,
15.47,37.02,,
15.47,37.12,,
15.47,37.22,,
15.47,37.32,,
15.47,37.42,,
15.47,37.52,,
15.47,37.62,,
15.47,37.72,,
15.47,37.82,,
15.47,37.92,,
15.47,38.02,,
15.47,38.12,,
15.47,38.22,,
15.47,38.32,,
15.47,38.42,,
15.47,38.52,,
15.47,38.62,,
15.47,38.72,,
15.47,38.82,,
15.47,38.92,325,0.02
15.47,39.02,335,0.03
15.47,39.12,345,0.03
15.47,39.22,350,0.04
15.47,39.32,360,0.04
15.47,39.42,0,0.04
15.47,39.52,0,0.03
15.47,39.62,,
15.47,39.72,,
15.47,39.82,,
15.47,39.92,,
15.47,40.02,,
15.47,40.12,,
15.47,40.22,,
15.47,40.32,,
15.47,40.42,,
15.47,40.52,,
15.57,35.82,70,0.01
15.57,35.92,75,0.01
15.57,36.02,70,0.01
15.57,36.12,30,0.01
15.57,36.22,345,0.01
15.57,36.32,325,0.02
15.57,36.42,355,0.02
15.57,36.52,30,0.03
15.57,36.62,,
15.57,36.72,,
15.57,36.82,,
15.57,36.92,,
15.57,37.02,,
15.57,37.12,,
15.57,37.22,,
15.57,37.32,,
15.57,37.42,,
15.57,37.52,,
15.57,37.62,,
15.57,37.72,,
15.57,37.82,,
15.57,37.92,,
15.57,38.02,,
15.57,38.12,,
15.57,38.22,,
15.57,38.32,,
15.57,38.42,,
15.57,38.52,,
15.57,38.62,,
15.57,38.72,,
15.57,38.82,,
15.57,38.92,260,0.01
15.57,39.02,315,0.02
15.57,39.12,330,0.02
15.57,39.22,345,0.02
15.57,39.32,360,0.02
15.57,39.42,0,0.02
15.57,39.52,,
15.57,39.62,,
15.57,39.72,,
15.57,39.82,,
15.57,39.92,,
15.57,40.02,,
15.57,40.12,,
15.57,40.22,,
15.57,40.32,,
15.57,40.42,,
15.57,40.52,,
15.67,35.82,360,0.03
15.67,35.92,10,0.03
15.67,36.02,15,0.03
15.67,36.12,360,0.03
15.67,36.22,345,0.04
15.67,36.32,335,0.04
15.67,36.42,350,0.04
15.67,36.52,10,0.05
15.67,36.62,25,0.05
15.67,36.72,30,0.05
15.67,36.82,25,0.04
15.67,36.92,15,0.03
15.67,37.02,350,0.02
15.67,37.12,315,0.02
15.67,37.22,295,0.04
15.67,37.32,285,0.05
15.67,37.42,255,0.05
15.67,37.52,230,0.06
15.67,37.62,215,0.08
15.67,37.72,,
15.67,37.82,,
15.67,37.92,,
15.67,38.02,,
15.67,38.12,,
15.67,38.22,,
15.67,38.32,,
15.67,38.42,,
15.67,38.52,,
15.67,38.62,,
15.67,38.72,,
15.67,38.82,,
15.67,38.92,,
15.67,39.02,,
15.67,39.12,,
15.67,39.22,,
15.67,39.32,,
15.67,39.42,,
15.67,39.52,,
15.67,39.62,,
15.67,39.72,,
15.67,39.82,,
15.67,39.92,,
15.67,40.02,,
15.67,40.12,,
15.67,40.22,,
15.67,40.32,,
15.67,40.42,,
15.67,40.52,,
15.77,35.82,355,0.05
15.77,35.92,5,0.06
15.77,36.02,15,0.06
15.77,36.12,5,0.06
15.77,36.22,350,0.06
15.77,36.32,340,0.06
15.77,36.42,350,0.05
15.77,36.52,5,0.05
15.77,36.62,20,0.05
15.77,36.72,25,0.05
15.77,36.82,15,0.04
15.77,36.92,5,0.04
15.77,37.02,350,0.03
15.77,37.12,335,0.03
15.77,37.22,325,0.04
15.77,37.32,315,0.04
15.77,37.42,280,0.03
15.77,37.52,230,0.04
15.77,37.62,210,0.06
15.77,37.72,,
15.77,37.82,,
15.77,37.92,,
15.77,38.02,,
15.77,38.12,,
15.77,38.22,,
15.77,38.32,,
15.77,38.42,,
15.77,38.52,,
15.77,38.62,,
15.77,38.72,,
15.77,38.82,,
15.77,38.92,,
15.77,39.02,,
15.77,39.12,,
15.77,39.22,,
15.77,39.32,,
15.77,39.42,,
15.77,39.52,,
15.77,39.62,,
15.77,39.72,,
15.77,39.82,,
15.77,39.92,,
15.77,40.02,,
15.77,40.12,,
15.77,40.22,,
15.77,40.32,,
15.77,40.42,,
15.77,40.52,,
15.87,35.82,350,0.08
15.87,35.92,5,0.08
15.87,36.02,15,0.09
15.87,36.12,5,0.08
15.87,36.22,355,0.08
15.87,36.32,345,0.07
15.87,36.42,350,0.06
15.87,36.52,0,0.06
15.87,36.62,15,0.05
15.87,36.72,20,0.05
15.87,36.82,10,0.04
15.87,36.92,360,0.04
15.87,37.02,350,0.05
15.87,37.12,350,0.05
15.87,37.22,345,0.05
15.87,37.32,345,0.05
15.87,37.42,335,0.03
15.87,37.52,240,0.01
15.87,37.62,185,0.03
15.87,37.72,,
15.87,37.82,,
15.87,37.92,,
15.87,38.02,,
15.87,38.12,,
15.87,38.22,,
15.87,38.32,,
15.87,38.42,,
15.87,38.52,,
15.87,38.62,,
15.87,38.72,,
15.87,38.82,,
15.87,38.92,,
15.87,39.02,,
15.87,39.12,,
15.87,39.22,,
15.87,39.32,,
15.87,39.42,,
15.87,39.52,,
15.87,39.62,,
15.87,39.72,,
15.87,39.82,,
15.87,39.92,,
15.87,40.02,,
15.87,40.12,,
15.87,40.22,,
15.87,40.32,,
15.87,40.42,,
15.87,40.52,,
15.97,35.82,350,0.1
15.97,35.92,5,0.11
15.97,36.02,15,0.11
15.97,36.12,5,0.1
15.97,36.22,360,0.09
15.97,36.32,350,0.09
15.97,36.42,350,0.07
15.97,36.52,360,0.06
15.97,36.62,10,0.05
15.97,36.72,10,0.04
15.97,36.82,5,0.05
15.97,36.92,355,0.05
15.97,37.02,350,0.06
15.97,37.12,355,0.06
15.97,37.22,360,0.06
15.97,37.32,5,0.06
15.97,37.42,15,0.04
15.97,37.52,45,0.02
15.97,37.62,120,0.02
15.97,37.72,,
15.97,37.82,,
15.97,37.92,,
15.97,38.02,,
15.97,38.12,,
15.97,38.22,,
15.97,38.32,,
15.97,38.42,,
15.97,38.52,,
15.97,38.62,,
15.97,38.72,,
15.97,38.82,,
15.97,38.92,,
15.97,39.02,,
15.97,39.12,,
15.97,39.22,,
15.97,39.32,,
15.97,39.42,,
15.97,39.52,,
15.97,39.62,,
15.97,39.72,,
15.97,39.82,,
15.97,39.92,,
15.97,40.02,,
15.97,40.12,,
15.97,40.22,,
15.97,40.32,,
15.97,40.42,,
15.97,40.52,,
16.07,35.82,350,0.12
16.07,35.92,0,0.12
16.07,36.02,10,0.13
16.07,36.12,10,0.13
16.07,36.22,5,0.12
16.07,36.32,360,0.12
16.07,36.42,0,0.09
16.07,36.52,10,0.07
16.07,36.62,20,0.05
16.07,36.72,25,0.04
16.07,36.82,5,0.04
16.07,36.92,350,0.05
16.07,37.02,345,0.05
16.07,37.12,355,0.06
16.07,37.22,5,0.06
16.07,37.32,10,0.07
16.07,37.42,25,0.05
16.07,37.52,45,0.04
16.07,37.62,,
16.07,37.72,,
16.07,37.82,,
16.07,37.92,,
16.07,38.02,,
16.07,38.12,,
16.07,38.22,,
16.07,38.32,,
16.07,38.42,,
16.07,38.52,,
16.07,38.62,,
16.07,38.72,,
16.07,38.82,,
16.07,38.92,,
16.07,39.02,,
16.07,39.12,,
16.07,39.22,,
16.07,39.32,,
16.07,39.42,,
16.07,39.52,,
16.07,39.62,,
16.07,39.72,,
16.07,39.82,,
16.07,39.92,,
16.07,40.02,,
16.07,40.12,,
16.07,40.22,,
16.07,40.32,,
16.07,40.42,,
16.07,40.52,,
16.17,35.82,,
16.17,35.92,0,0.14
16.17,36.02,10,0.15
16.17,36.12,10,0.15
16.17,36.22,10,0.15
16.17,36.32,10,0.15
16.17,36.42,10,0.12
16.17,36.52,20,0.09
16.17,36.62,40,0.06
16.17,36.72,45,0.04
16.17,36.82,20,0.03
16.17,36.92,340,0.03
16.17,37.02,325,0.04
16.17,37.12,350,0.04
16.17,37.22,5,0.05
16.17,37.32,15,0.07
16.17,37.42,30,0.06
16.17,37.52,,
16.17,37.62,65,0.06
16.17,37.72,,
16.17,37.82,,
16.17,37.92,,
16.17,38.02,,
16.17,38.12,,
16.17,38.22,,
16.17,38.32,,
16.17,38.42,,
16.17,38.52,,
16.17,38.62,,
16.17,38.72,,
16.17,38.82,,
16.17,38.92,,
16.17,39.02,,
16.17,39.12,,
16.17,39.22,,
16.17,39.32,,
16.17,39.42,,
16.17,39.52,,
16.17,39.62,,
16.17,39.72,,
16.17,39.82,,
16.17,39.92,,
16.17,40.02,,
16.17,40.12,,
16.17,40.22,,
16.17,40.32,,
16.17,40.42,,
16.17,40.52,,
16.27,35.82,345,0.14
16.27,35.92,360,0.15
16.27,36.02,10,0.16
16.27,36.12,10,0.17
16.27,36.22,10,0.18
16.27,36.32,15,0.19
16.27,36.42,20,0.15
16.27,36.52,30,0.11
16.27,36.62,50,0.07
16.27,36.72,65,0.05
16.27,36.82,40,0.02
16.27,36.92,320,0.02
16.27,37.02,295,0.03
16.27,37.12,335,0.03
16.27,37.22,5,0.05
16.27,37.32,20,0.06
16.27,37.42,35,0.07
16.27,37.52,45,0.08
16.27,37.62,55,0.09
16.27,37.72,,
16.27,37.82,,
16.27,37.92,,
16.27,38.02,,
16.27,38.12,,
16.27,38.22,,
16.27,38.32,,
16.27,38.42,,
16.27,38.52,,
16.27,38.62,,
16.27,38.72,,
16.27,38.82,,
16.27,38.92,,
16.27,39.02,,
16.27,39.12,,
16.27,39.22,,
16.27,39.32,,
16.27,39.42,,
16.27,39.52,,
16.27,39.62,,
16.27,39.72,,
16.27,39.82,,
16.27,39.92,,
16.27,40.02,,
16.27,40.12,,
16.27,40.22,,
16.27,40.32,,
16.27,40.42,,
16.27,40.52,,
16.37,35.82,340,0.13
16.37,35.92,355,0.14
16.37,36.02,5,0.16
16.37,36.12,10,0.17
16.37,36.22,15,0.19
16.37,36.32,20,0.21
16.37,36.42,25,0.17
16.37,36.52,40,0.12
16.37,36.62,60,0.09
16.37,36.72,80,0.06
16.37,36.82,75,0.03
16.37,36.92,280,0.01
16.37,37.02,270,0.04
16.37,37.12,320,0.03
16.37,37.22,,
16.37,37.32,20,0.06
16.37,37.42,35,0.07
16.37,37.52,45,0.09
16.37,37.62,55,0.1
16.37,37.72,,
16.37,37.82,,
16.37,37.92,,
16.37,38.02,,
16.37,38.12,,
16.37,38.22,,
16.37,38.32,,
16.37,38.42,,
16.37,38.52,,
16.37,38.62,,
16.37,38.72,,
16.37,38.82,,
16.37,38.92,,
16.37,39.02,,
16.37,39.12,,
16.37,39.22,,
16.37,39.32,,
16.37,39.42,,
16.37,39.52,,
16.37,39.62,,
16.37,39.72,,
16.37,39.82,,
16.37,39.92,,
16.37,40.02,,
16.37,40.12,,
16.37,40.22,,
16.37,40.32,,
16.37,40.42,,
16.37,40.52,,
16.47,35.82,330,0.09
16.47,35.92,345,0.1
16.47,36.02,355,0.11
16.47,36.12,10,0.13
16.47,36.22,20,0.16
16.47,36.32,25,0.19
16.47,36.42,35,0.16
16.47,36.52,55,0.13
16.47,36.62,75,0.12
16.47,36.72,85,0.09
16.47,36.82,90,0.04
16.47,36.92,230,0.01
16.47,37.02,265,0.04
16.47,37.12,300,0.03
16.47,37.22,340,0.04
16.47,37.32,5,0.05
16.47,37.42,25,0.07
16.47,37.52,40,0.09
16.47,37.62,50,0.12
16.47,37.72,55,0.11
16.47,37.82,,
16.47,37.92,,
16.47,38.02,,
16.47,38.12,,
16.47,38.22,,
16.47,38.32,,
16.47,38.42,,
16.47,38.52,,
16.47,38.62,,
16.47,38.72,,
16.47,38.82,,
16.47,38.92,,
16.47,39.02,,
16.47,39.12,,
16.47,39.22,,
16.47,39.32,,
16.47,39.42,,
16.47,39.52,,
16.47,39.62,,
16.47,39.72,,
16.47,39.82,,
16.47,39.92,,
16.47,40.02,,
16.47,40.12,,
16.47,40.22,,
16.47,40.32,,
16.47,40.42,,
16.47,40.52,,
16.57,35.82,305,0.06
16.57,35.92,320,0.07
16.57,36.02,335,0.07
16.57,36.12,10,0.09
16.57,36.22,25,0.13
16.57,36.32,35,0.17
16.57,36.42,50,0.16
16.57,36.52,65,0.15
16.57,36.62,85,0.15
16.57,36.72,90,0.12
16.57,36.82,95,0.06
16.57,36.92,175,0.01
16.57,37.02,255,0.05
16.57,37.12,285,0.04
16.57,37.22,320,0.04
16.57,37.32,345,0.05
16.57,37.42,20,0.07
16.57,37.52,40,0.09
16.57,37.62,50,0.13
16.57,37.72,55,0.13
16.57,37.82,65,0.1
16.57,37.92,,
16.57,38.02,,
16.57,38.12,,
16.57,38.22,,
16.57,38.32,,
16.57,38.42,,
16.57,38.52,,
16.57,38.62,,
16.57,38.72,,
16.57,38.82,,
16.57,38.92,,
16.57,39.02,,
16.57,39.12,,
16.57,39.22,,
16.57,39.32,,
16.57,39.42,,
16.57,39.52,,
16.57,39.62,,
16.57,39.72,,
16.57,39.82,,
16.57,39.92,,
16.57,40.02,,
16.57,40.12,,
16.57,40.22,,
16.57,40.32,,
16.57,40.42,,
16.57,40.52,,
16.67,35.82,265,0.06
16.67,35.92,275,0.06
16.67,36.02,295,0.06
16.67,36.12,5,0.05
16.67,36.22,35,0.1
16.67,36.32,45,0.15
16.67,36.42,60,0.16
16.67,36.52,75,0.16
16.67,36.62,90,0.18
16.67,36.72,95,0.15
16.67,36.82,100,0.08
16.67,36.92,155,0.02
16.67,37.02,250,0.05
16.67,37.12,275,0.04
16.67,37.22,305,0.05
16.67,37.32,,
16.67,37.42,10,0.06
16.67,37.52,35,0.09
16.67,37.62,45,0.14
16.67,37.72,55,0.14
16.67,37.82,60,0.11
16.67,37.92,75,0.09
16.67,38.02,95,0.06
16.67,38.12,130,0.04
16.67,38.22,185,0.05
16.67,38.32,210,0.08
16.67,38.42,,
16.67,38.52,,
16.67,38.62,,
16.67,38.72,,
16.67,38.82,,
16.67,38.92,,
16.67,39.02,,
16.67,39.12,,
16.67,39.22,,
16.67,39.32,,
16.67,39.42,,
16.67,39.52,,
16.67,39.62,,
16.67,39.72,,
16.67,39.82,,
16.67,39.92,,
16.67,40.02,,
16.67,40.12,,
16.67,40.22,,
16.67,40.32,,
16.67,40.42,,
16.67,40.52,,
16.77,35.82,240,0.07
16.77,35.92,255,0.07
16.77,36.02,265,0.06
16.77,36.12,,
16.77,36.22,60,0.06
16.77,36.32,65,0.12
16.77,36.42,75,0.14
16.77,36.52,85,0.16
16.77,36.62,95,0.18
16.77,36.72,100,0.15
16.77,36.82,105,0.07
16.77,36.92,190,0.01
16.77,37.02,265,0.06
16.77,37.12,280,0.05
16.77,37.22,295,0.05
16.77,37.32,315,0.06
16.77,37.42,5,0.05
16.77,37.52,40,0.08
16.77,37.62,55,0.12
16.77,37.72,65,0.13
16.77,37.82,70,0.11
16.77,37.92,85,0.1
16.77,38.02,100,0.08
16.77,38.12,125,0.05
16.77,38.22,175,0.04
16.77,38.32,210,0.06
16.77,38.42,215,0.08
16.77,38.52,,
16.77,38.62,,
16.77,38.72,,
16.77,38.82,,
16.77,38.92,,
16.77,39.02,,
16.77,39.12,,
16.77,39.22,,
16.77,39.32,,
16.77,39.42,,
16.77,39.52,,
16.77,39.62,,
16.77,39.72,175,0.08
16.77,39.82,,
16.77,39.92,,
16.77,40.02,,
16.77,40.12,,
16.77,40.22,,
16.77,40.32,,
16.77,40.42,,
16.77,40.52,,
16.87,35.82,225,0.08
16.87,35.92,235,0.08
16.87,36.02,245,0.08
16.87,36.12,205,0.03
16.87,36.22,105,0.05
16.87,36.32,95,0.11
16.87,36.42,95,0.14
16.87,36.52,100,0.16
16.87,36.62,100,0.18
16.87,36.72,105,0.15
16.87,36.82,110,0.07
16.87,36.92,230,0.02
16.87,37.02,270,0.07
16.87,37.12,280,0.07
16.87,37.22,290,0.06
16.87,37.32,300,0.06
16.87,37.42,360,0.04
16.87,37.52,55,0.07
16.87,37.62,70,0.12
16.87,37.72,75,0.13
16.87,37.82,80,0.12
16.87,37.92,90,0.11
16.87,38.02,100,0.09
16.87,38.12,120,0.06
16.87,38.22,160,0.04
16.87,38.32,215,0.05
16.87,38.42,220,0.07
16.87,38.52,220,0.08
16.87,38.62,,
16.87,38.72,,
16.87,38.82,,
16.87,38.92,,
16.87,39.02,,
16.87,39.12,,
16.87,39.22,,
16.87,39.32,,
16.87,39.42,,
16.87,39.52,,
16.87,39.62,,
16.87,39.72,170,0.08
16.87,39.82,180,0.07
16.87,39.92,,
16.87,40.02,,
16.87,40.12,,
16.87,40.22,,
16.87,40.32,,
16.87,40.42,,
16.87,40.52,,
16.97,35.82,210,0.1
16.97,35.92,225,0.11
16.97,36.02,235,0.1
16.97,36.12,195,0.06
16.97,36.22,145,0.08
16.97,36.32,120,0.13
16.97,36.42,115,0.15
16.97,36.52,110,0.16
16.97,36.62,110,0.18
16.97,36.72,110,0.15
16.97,36.82,115,0.06
16.97,36.92,250,0.02
16.97,37.02,275,0.09
16.97,37.12,280,0.08
16.97,37.22,285,0.07
16.97,37.32,290,0.06
16.97,37.42,345,0.02
16.97,37.52,70,0.06
16.97,37.62,80,0.11
16.97,37.72,85,0.14
16.97,37.82,90,0.13
16.97,37.92,100,0.12
16.97,38.02,105,0.11
16.97,38.12,115,0.07
16.97,38.22,150,0.04
16.97,38.32,215,0.04
16.97,38.42,225,0.06
16.97,38.52,225,0.07
16.97,38.62,230,0.09
16.97,38.72,,
16.97,38.82,,
16.97,38.92,,
16.97,39.02,,
16.97,39.12,,
16.97,39.22,,
16.97,39.32,,
16.97,39.42,,
16.97,39.52,,
16.97,39.62,,
16.97,39.72,170,0.08
16.97,39.82,175,0.07
16.97,39.92,185,0.06
16.97,40.02,,
16.97,40.12,,
16.97,40.22,,
16.97,40.32,,
16.97,40.42,,
16.97,40.52,,
17.07,35.82,215,0.09
17.07,35.92,230,0.1
17.07,36.02,235,0.1
17.07,36.12,195,0.07
17.07,36.22,145,0.09
17.07,36.32,125,0.14
17.07,36.42,115,0.15
17.07,36.52,110,0.15
17.07,36.62,105,0.16
17.07,36.72,100,0.13
17.07,36.82,100,0.05
17.07,36.92,285,0.03
17.07,37.02,285,0.09
17.07,37.12,285,0.08
17.07,37.22,285,0.07
17.07,37.32,285,0.06
17.07,37.42,355,0.01
17.07,37.52,85,0.06
17.07,37.62,90,0.12
17.07,37.72,90,0.14
17.07,37.82,95,0.13
17.07,37.92,100,0.12
17.07,38.02,100,0.11
17.07,38.12,110,0.07
17.07,38.22,135,0.03
17.07,38.32,220,0.03
17.07,38.42,225,0.05
17.07,38.52,225,0.07
17.07,38.62,225,0.08
17.07,38.72,225,0.09
17.07,38.82,,
17.07,38.92,,
17.07,39.02,,
17.07,39.12,,
17.07,39.22,,
17.07,39.32,,
17.07,39.42,,
17.07,39.52,,
17.07,39.62,165,0.08
17.07,39.72,170,0.07
17.07,39.82,175,0.06
17.07,39.92,190,0.06
17.07,40.02,200,0.05
17.07,40.12,205,0.04
17.07,40.22,215,0.03
17.07,40.32,,
17.07,40.42,,
17.07,40.52,,
17.17,35.82,220,0.07
17.17,35.92,235,0.09
17.17,36.02,235,0.09
17.17,36.12,195,0.06
17.17,36.22,145,0.08
17.17,36.32,125,0.13
17.17,36.42,115,0.14
17.17,36.52,105,0.14
17.17,36.62,95,0.14
17.17,36.72,,
17.17,36.82,65,0.04
17.17,36.92,305,0.05
17.17,37.02,290,0.1
17.17,37.12,,
17.17,37.22,285,0.06
17.17,37.32,280,0.04
17.17,37.42,85,0.01
17.17,37.52,95,0.06
17.17,37.62,95,0.12
17.17,37.72,95,0.14
17.17,37.82,95,0.13
17.17,37.92,95,0.12
17.17,38.02,100,0.11
17.17,38.12,105,0.07
17.17,38.22,125,0.03
17.17,38.32,215,0.02
17.17,38.42,225,0.04
17.17,38.52,,
17.17,38.62,220,0.07
17.17,38.72,220,0.08
17.17,38.82,215,0.09
17.17,38.92,,
17.17,39.02,,
17.17,39.12,,
17.17,39.22,,
17.17,39.32,,
17.17,39.42,,
17.17,39.52,165,0.08
17.17,39.62,165,0.07
17.17,39.72,170,0.06
17.17,39.82,180,0.05
17.17,39.92,200,0.04
17.17,40.02,220,0.04
17.17,40.12,230,0.03
17.17,40.22,,
17.17,40.32,,
17.17,40.42,,
17.17,40.52,,
17.27,35.82,235,0.05
17.27,35.92,240,0.08
17.27,36.02,240,0.08
17.27,36.12,190,0.05
17.27,36.22,140,0.08
17.27,36.32,120,0.13
17.27,36.42,110,0.13
17.27,36.52,95,0.12
17.27,36.62,80,0.12
17.27,36.72,65,0.1
17.27,36.82,25,0.05
17.27,36.92,315,0.07
17.27,37.02,295,0.11
17.27,37.12,295,0.08
17.27,37.22,285,0.05
17.27,37.32,,
17.27,37.42,115,0.02
17.27,37.52,100,0.07
17.27,37.62,100,0.13
17.27,37.72,100,0.14
17.27,37.82,95,0.13
17.27,37.92,95,0.12
17.27,38.02,95,0.1
17.27,38.12,95,0.07
17.27,38.22,110,0.03
17.27,38.32,215,0.02
17.27,38.42,220,0.03
17.27,38.52,220,0.05
17.27,38.62,220,0.07
17.27,38.72,215,0.08
17.27,38.82,210,0.08
17.27,38.92,205,0.09
17.27,39.02,,
17.27,39.12,,
17.27,39.22,,
17.27,39.32,,
17.27,39.42,160,0.08
17.27,39.52,160,0.07
17.27,39.62,160,0.06
17.27,39.72,165,0.05
17.27,39.82,185,0.04
17.27,39.92,215,0.04
17.27,40.02,245,0.04
17.27,40.12,,
17.27,40.22,,
17.27,40.32,,
17.27,40.42,,
17.27,40.52,,
17.37,35.82,245,0.04
17.37,35.92,245,0.06
17.37,36.02,245,0.07
17.37,36.12,190,0.05
17.37,36.22,140,0.07
17.37,36.32,,
17.37,36.42,105,0.12
17.37,36.52,,
17.37,36.62,70,0.11
17.37,36.72,50,0.09
17.37,36.82,10,0.06
17.37,36.92,320,0.07
17.37,37.02,300,0.1
17.37,37.12,295,0.07
17.37,37.22,285,0.05
17.37,37.32,250,0.02
17.37,37.42,115,0.03
17.37,37.52,100,0.08
17.37,37.62,100,0.12
17.37,37.72,95,0.14
17.37,37.82,90,0.13
17.37,37.92,85,0.12
17.37,38.02,80,0.11
17.37,38.12,80,0.07
17.37,38.22,80,0.03
17.37,38.32,300,0.0
17.37,38.42,225,0.02
17.37,38.52,220,0.04
17.37,38.62,215,0.05
17.37,38.72,210,0.07
17.37,38.82,205,0.07
17.37,38.92,200,0.08
17.37,39.02,195,0.09
17.37,39.12,185,0.08
17.37,39.22,175,0.08
17.37,39.32,165,0.08
17.37,39.42,160,0.07
17.37,39.52,160,0.06
17.37,39.62,160,0.06
17.37,39.72,,
17.37,39.82,,
17.37,39.92,,
17.37,40.02,,
17.37,40.12,,
17.37,40.22,,
17.37,40.32,,
17.37,40.42,,
17.37,40.52,,
17.47,35.82,250,0.03
17.47,35.92,245,0.05
17.47,36.02,235,0.07
17.47,36.12,,
17.47,36.22,145,0.07
17.47,36.32,125,0.1
17.47,36.42,110,0.09
17.47,36.52,85,0.09
17.47,36.62,60,0.1
17.47,36.72,45,0.09
17.47,36.82,10,0.06
17.47,36.92,325,0.07
17.47,37.02,305,0.09
17.47,37.12,,
17.47,37.22,290,0.04
17.47,37.32,240,0.02
17.47,37.42,100,0.03
17.47,37.52,,
17.47,37.62,90,0.11
17.47,37.72,85,0.13
17.47,37.82,75,0.13
17.47,37.92,70,0.13
17.47,38.02,60,0.12
17.47,38.12,55,0.09
17.47,38.22,50,0.06
17.47,38.32,20,0.03
17.47,38.42,350,0.01
17.47,38.52,255,0.01
17.47,38.62,230,0.03
17.47,38.72,220,0.04
17.47,38.82,205,0.05
17.47,38.92,200,0.06
17.47,39.02,195,0.07
17.47,39.12,185,0.07
17.47,39.22,175,0.07
17.47,39.32,165,0.07
17.47,39.42,165,0.07
17.47,39.52,170,0.06
17.47,39.62,,
17.47,39.72,,
17.47,39.82,,
17.47,39.92,,
17.47,40.02,,
17.47,40.12,,
17.47,40.22,,
17.47,40.32,,
17.47,40.42,,
17.47,40.52,,
17.57,35.82,255,0.01
17.57,35.92,240,0.04
17.57,36.02,230,0.06
17.57,36.12,190,0.04
17.57,36.22,150,0.06
17.57,36.32,130,0.09
17.57,36.42,110,0.07
17.57,36.52,80,0.07
17.57,36.62,55,0.08
17.57,36.72,35,0.08
17.57,36.82,10,0.06
17.57,36.92,,
17.57,37.02,310,0.07
17.57,37.12,305,0.05
17.57,37.22,290,0.03
17.57,37.32,225,0.01
17.57,37.42,85,0.03
17.57,37.52,75,0.07
17.57,37.62,75,0.11
17.57,37.72,70,0.13
17.57,37.82,60,0.14
17.57,37.92,55,0.15
17.57,38.02,45,0.15
17.57,38.12,45,0.12
17.57,38.22,35,0.09
17.57,38.32,20,0.06
17.57,38.42,15,0.04
17.57,38.52,355,0.02
17.57,38.62,290,0.01
17.57,38.72,235,0.02
17.57,38.82,210,0.03
17.57,38.92,195,0.04
17.57,39.02,190,0.06
17.57,39.12,180,0.06
17.57,39.22,175,0.06
17.57,39.32,175,0.07
17.57,39.42,175,0.06
17.57,39.52,,
17.57,39.62,,
17.57,39.72,,
17.57,39.82,,
17.57,39.92,,
17.57,40.02,,
17.57,40.12,,
17.57,40.22,,
17.57,40.32,,
17.57,40.42,,
17.57,40.52,,
17.67,35.82,330,0.0
17.67,35.92,225,0.03
17.67,36.02,220,0.05
17.67,36.12,190,0.04
17.67,36.22,160,0.05
17.67,36.32,135,0.07
17.67,36.42,110,0.05
17.67,36.52,70,0.05
17.67,36.62,45,0.07
17.67,36.72,30,0.07
17.67,36.82,10,0.06
17.67,36.92,340,0.05
17.67,37.02,315,0.05
17.67,37.12,,
17.67,37.22,,
17.67,37.32,195,0.01
17.67,37.42,75,0.03
17.67,37.52,65,0.07
17.67,37.62,60,0.11
17.67,37.72,55,0.13
17.67,37.82,50,0.15
17.67,37.92,40,0.17
17.67,38.02,40,0.19
17.67,38.12,35,0.15
17.67,38.22,,
17.67,38.32,20,0.09
17.67,38.42,15,0.07
17.67,38.52,10,0.05
17.67,38.62,350,0.03
17.67,38.72,325,0.01
17.67,38.82,215,0.01
17.67,38.92,185,0.02
17.67,39.02,180,0.04
17.67,39.12,180,0.05
17.67,39.22,,
17.67,39.32,180,0.06
17.67,39.42,,
17.67,39.52,,
17.67,39.62,,
17.67,39.72,,
17.67,39.82,,
17.67,39.92,,
17.67,40.02,,
17.67,40.12,,
17.67,40.22,,
17.67,40.32,,
17.67,40.42,,
17.67,40.52,,
17.77,35.82,125,0.01
17.77,35.92,200,0.03
17.77,36.02,210,0.05
17.77,36.12,185,0.05
17.77,36.22,165,0.05
17.77,36.32,150,0.07
17.77,36.42,125,0.05
17.77,36.52,85,0.04
17.77,36.62,45,0.05
17.77,36.72,25,0.06
17.77,36.82,5,0.05
17.77,36.92,,
17.77,37.02,315,0.05
17.77,37.12,310,0.03
17.77,37.22,295,0.02
17.77,37.32,225,0.01
17.77,37.42,70,0.02
17.77,37.52,60,0.05
17.77,37.62,,
17.77,37.72,50,0.11
17.77,37.82,45,0.13
17.77,37.92,40,0.16
17.77,38.02,35,0.18
17.77,38.12,35,0.16
17.77,38.22,30,0.13
17.77,38.32,30,0.11
17.77,38.42,25,0.09
17.77,38.52,25,0.07
17.77,38.62,15,0.05
17.77,38.72,10,0.03
17.77,38.82,30,0.02
17.77,38.92,95,0.01
17.77,39.02,150,0.02
17.77,39.12,165,0.02
17.77,39.22,180,0.03
17.77,39.32,185,0.03
17.77,39.42,,
17.77,39.52,,
17.77,39.62,,
17.77,39.72,,
17.77,39.82,,
17.77,39.92,,
17.77,40.02,,
17.77,40.12,,
17.77,40.22,,
17.77,40.32,,
17.77,40.42,,
17.77,40.52,,
17.87,35.82,125,0.03
17.87,35.92,180,0.03
17.87,36.02,195,0.05
17.87,36.12,180,0.05
17.87,36.22,170,0.06
17.87,36.32,160,0.07
17.87,36.42,145,0.05
17.87,36.52,110,0.03
17.87,36.62,50,0.03
17.87,36.72,25,0.04
17.87,36.82,355,0.04
17.87,36.92,335,0.04
17.87,37.02,320,0.05
17.87,37.12,310,0.03
17.87,37.22,290,0.02
17.87,37.32,240,0.02
17.87,37.42,,
17.87,37.52,50,0.03
17.87,37.62,50,0.05
17.87,37.72,45,0.08
17.87,37.82,40,0.12
17.87,37.92,35,0.15
17.87,38.02,35,0.17
17.87,38.12,35,0.16
17.87,38.22,35,0.15
17.87,38.32,35,0.13
17.87,38.42,30,0.11
17.87,38.52,30,0.09
17.87,38.62,25,0.07
17.87,38.72,25,0.05
17.87,38.82,30,0.04
17.87,38.92,40,0.03
17.87,39.02,,
17.87,39.12,60,0.01
17.87,39.22,135,0.0
17.87,39.32,205,0.01
17.87,39.42,,
17.87,39.52,,
17.87,39.62,,
17.87,39.72,,
17.87,39.82,,
17.87,39.92,,
17.87,40.02,,
17.87,40.12,,
17.87,40.22,,
17.87,40.32,,
17.87,40.42,,
17.87,40.52,,
17.97,35.82,125,0.04
17.97,35.92,160,0.04
17.97,36.02,185,0.05
17.97,36.12,175,0.06
17.97,36.22,175,0.06
17.97,36.32,170,0.07
17.97,36.42,165,0.05
17.97,36.52,150,0.03
17.97,36.62,75,0.01
17.97,36.72,20,0.02
17.97,36.82,345,0.03
17.97,36.92,330,0.04
17.97,37.02,320,0.05
17.97,37.12,310,0.03
17.97,37.22,285,0.02
17.97,37.32,245,0.02
17.97,37.42,275,0.01
17.97,37.52,10,0.01
17.97,37.62,25,0.03
17.97,37.72,30,0.06
17.97,37.82,35,0.1
17.97,37.92,,
17.97,38.02,35,0.17
17.97,38.12,35,0.16
17.97,38.22,35,0.16
17.97,38.32,35,0.16
17.97,38.42,35,0.14
17.97,38.52,35,0.11
17.97,38.62,30,0.09
17.97,38.72,30,0.07
17.97,38.82,30,0.06
17.97,38.92,30,0.06
17.97,39.02,30,0.05
17.97,39.12,25,0.03
17.97,39.22,10,0.02
17.97,39.32,330,0.02
17.97,39.42,,
17.97,39.52,,
17.97,39.62,,
17.97,39.72,,
17.97,39.82,,
17.97,39.92,,
17.97,40.02,,
17.97,40.12,,
17.97,40.22,,
17.97,40.32,,
17.97,40.42,,
17.97,40.52,,
18.07,35.82,115,0.04
18.07,35.92,145,0.04
18.07,36.02,175,0.04
18.07,36.12,175,0.04
18.07,36.22,175,0.05
18.07,36.32,175,0.05
18.07,36.42,175,0.03
18.07,36.52,180,0.01
18.07,36.62,345,0.01
18.07,36.72,345,0.03
18.07,36.82,340,0.04
18.07,36.92,335,0.05
18.07,37.02,335,0.06
18.07,37.12,330,0.04
18.07,37.22,320,0.02
18.07,37.32,260,0.01
18.07,37.42,280,0.01
18.07,37.52,340,0.01
18.07,37.62,0,0.01
18.07,37.72,25,0.03
18.07,37.82,35,0.07
18.07,37.92,35,0.1
18.07,38.02,40,0.13
18.07,38.12,40,0.14
18.07,38.22,40,0.14
18.07,38.32,40,0.15
18.07,38.42,40,0.13
18.07,38.52,40,0.11
18.07,38.62,35,0.09
18.07,38.72,35,0.07
18.07,38.82,35,0.07
18.07,38.92,35,0.06
18.07,39.02,30,0.06
18.07,39.12,25,0.05
18.07,39.22,10,0.04
18.07,39.32,350,0.03
18.07,39.42,,
18.07,39.52,,
18.07,39.62,,
18.07,39.72,,
18.07,39.82,,
18.07,39.92,,
18.07,40.02,,
18.07,40.12,,
18.07,40.22,,
18.07,40.32,,
18.07,40.42,,
18.07,40.52,,
18.17,35.82,100,0.04
18.17,35.92,120,0.03
18.17,36.02,155,0.02
18.17,36.12,165,0.02
18.17,36.22,170,0.02
18.17,36.32,180,0.02
18.17,36.42,220,0.01
18.17,36.52,305,0.02
18.17,36.62,320,0.04
18.17,36.72,330,0.05
18.17,36.82,335,0.06
18.17,36.92,340,0.07
18.17,37.02,345,0.07
18.17,37.12,350,0.05
18.17,37.22,0,0.03
18.17,37.32,50,0.01
18.17,37.42,80,0.01
18.17,37.52,195,0.0
18.17,37.62,220,0.01
18.17,37.72,110,0.0
18.17,37.82,50,0.03
18.17,37.92,50,0.06
18.17,38.02,,
18.17,38.12,50,0.1
18.17,38.22,50,0.11
18.17,38.32,50,0.13
18.17,38.42,50,0.11
18.17,38.52,45,0.1
18.17,38.62,40,0.08
18.17,38.72,40,0.07
18.17,38.82,40,0.07
18.17,38.92,35,0.06
18.17,39.02,35,0.06
18.17,39.12,25,0.05
18.17,39.22,,
18.17,39.32,355,0.04
18.17,39.42,,
18.17,39.52,,
18.17,39.62,,
18.17,39.72,,
18.17,39.82,,
18.17,39.92,,
18.17,40.02,,
18.17,40.12,,
18.17,40.22,,
18.17,40.32,,
18.17,40.42,,
18.17,40.52,,
18.27,35.82,85,0.05
18.27,35.92,90,0.03
18.27,36.02,95,0.01
18.27,36.12,90,0.01
18.27,36.22,,
18.27,36.32,295,0.01
18.27,36.42,310,0.02
18.27,36.52,315,0.04
18.27,36.62,315,0.06
18.27,36.72,325,0.07
18.27,36.82,335,0.07
18.27,36.92,,
18.27,37.02,350,0.08
18.27,37.12,0,0.06
18.27,37.22,20,0.04
18.27,37.32,55,0.03
18.27,37.42,85,0.02
18.27,37.52,180,0.01
18.27,37.62,210,0.03
18.27,37.72,200,0.03
18.27,37.82,150,0.02
18.27,37.92,100,0.03
18.27,38.02,85,0.05
18.27,38.12,70,0.07
18.27,38.22,65,0.09
18.27,38.32,60,0.11
18.27,38.42,60,0.1
18.27,38.52,55,0.09
18.27,38.62,50,0.07
18.27,38.72,45,0.07
18.27,38.82,40,0.06
18.27,38.92,40,0.06
18.27,39.02,35,0.06
18.27,39.12,25,0.06
18.27,39.22,15,0.05
18.27,39.32,360,0.05
18.27,39.42,,
18.27,39.52,,
18.27,39.62,,
18.27,39.72,,
18.27,39.82,,
18.27,39.92,,
18.27,40.02,,
18.27,40.12,,
18.27,40.22,,
18.27,40.32,,
18.27,40.42,,
18.27,40.52,,
18.37,35.82,70,0.05
18.37,35.92,60,0.03
18.37,36.02,40,0.03
18.37,36.12,15,0.02
18.37,36.22,,
18.37,36.32,340,0.03
18.37,36.42,325,0.05
18.37,36.52,,
18.37,36.62,315,0.08
18.37,36.72,320,0.09
18.37,36.82,335,0.09
18.37,36.92,345,0.09
18.37,37.02,,
18.37,37.12,10,0.07
18.37,37.22,30,0.06
18.37,37.32,60,0.05
18.37,37.42,80,0.03
18.37,37.52,155,0.02
18.37,37.62,200,0.04
18.37,37.72,195,0.05
18.37,37.82,175,0.04
18.37,37.92,150,0.04
18.37,38.02,125,0.05
18.37,38.12,100,0.06
18.37,38.22,85,0.08
18.37,38.32,75,0.1
18.37,38.42,70,0.09
18.37,38.52,65,0.08
18.37,38.62,60,0.07
18.37,38.72,55,0.06
18.37,38.82,50,0.06
18.37,38.92,45,0.06
18.37,39.02,40,0.06
18.37,39.12,25,0.05
18.37,39.22,15,0.05
18.37,39.32,5,0.06
18.37,39.42,,
18.37,39.52,,
18.37,39.62,,
18.37,39.72,,
18.37,39.82,,
18.37,39.92,,
18.37,40.02,,
18.37,40.12,,
18.37,40.22,,
18.37,40.32,,
18.37,40.42,,
18.37,40.52,,
18.47,35.82,45,0.04
18.47,35.92,30,0.04
18.47,36.02,15,0.04
18.47,36.12,0,0.05
18.47,36.22,350,0.05
18.47,36.32,345,0.06
18.47,36.42,335,0.07
18.47,36.52,325,0.08
18.47,36.62,320,0.09
18.47,36.72,325,0.09
18.47,36.82,335,0.09
18.47,36.92,345,0.09
18.47,37.02,360,0.08
18.47,37.12,15,0.07
18.47,37.22,40,0.07
18.47,37.32,60,0.07
18.47,37.42,70,0.05
18.47,37.52,100,0.03
18.47,37.62,170,0.02
18.47,37.72,180,0.04
18.47,37.82,165,0.04
18.47,37.92,150,0.05
18.47,38.02,140,0.06
18.47,38.12,120,0.06
18.47,38.22,100,0.07
18.47,38.32,85,0.08
18.47,38.42,80,0.07
18.47,38.52,75,0.06
18.47,38.62,70,0.05
18.47,38.72,65,0.05
18.47,38.82,60,0.05
18.47,38.92,50,0.04
18.47,39.02,45,0.04
18.47,39.12,30,0.04
18.47,39.22,20,0.04
18.47,39.32,5,0.05
18.47,39.42,0,0.04
18.47,39.52,,
18.47,39.62,,
18.47,39.72,,
18.47,39.82,,
18.47,39.92,,
18.47,40.02,,
18.47,40.12,,
18.47,40.22,,
18.47,40.32,,
18.47,40.42,,
18.47,40.52,,
18.57,35.82,25,0.05
18.57,35.92,15,0.06
18.57,36.02,5,0.07
18.57,36.12,355,0.07
18.57,36.22,350,0.08
18.57,36.32,345,0.09
18.57,36.42,335,0.09
18.57,36.52,330,0.1
18.57,36.62,325,0.1
18.57,36.72,325,0.1
18.57,36.82,335,0.09
18.57,36.92,345,0.08
18.57,37.02,0,0.08
18.57,37.12,,
18.57,37.22,45,0.08
18.57,37.32,60,0.09
18.57,37.42,70,0.07
18.57,37.52,80,0.04
18.57,37.62,120,0.03
18.57,37.72,150,0.03
18.57,37.82,155,0.04
18.57,37.92,155,0.05
18.57,38.02,155,0.06
18.57,38.12,135,0.06
18.57,38.22,120,0.06
18.57,38.32,105,0.07
18.57,38.42,100,0.07
18.57,38.52,95,0.06
18.57,38.62,90,0.05
18.57,38.72,80,0.04
18.57,38.82,75,0.04
18.57,38.92,70,0.03
18.57,39.02,55,0.03
18.57,39.12,40,0.03
18.57,39.22,25,0.03
18.57,39.32,10,0.04
18.57,39.42,10,0.03
18.57,39.52,5,0.02
18.57,39.62,,
18.57,39.72,,
18.57,39.82,,
18.57,39.92,,
18.57,40.02,,
18.57,40.12,,
18.57,40.22,,
18.57,40.32,,
18.57,40.42,,
18.57,40.52,175,0.08
18.67,35.82,10,0.06
18.67,35.92,5,0.08
18.67,36.02,360,0.09
18.67,36.12,355,0.1
18.67,36.22,,
18.67,36.32,345,0.11
18.67,36.42,340,0.11
18.67,36.52,330,0.11
18.67,36.62,325,0.11
18.67,36.72,325,0.1
18.67,36.82,335,0.09
18.67,36.92,,
18.67,37.02,5,0.07
18.67,37.12,30,0.07
18.67,37.22,50,0.09
18.67,37.32,60,0.11
18.67,37.42,,
18.67,37.52,75,0.06
18.67,37.62,90,0.04
18.67,37.72,125,0.03
18.67,37.82,,
18.67,37.92,160,0.06
18.67,38.02,160,0.07
18.67,38.12,150,0.07
18.67,38.22,135,0.07
18.67,38.32,125,0.07
18.67,38.42,120,0.06
18.67,38.52,115,0.05
18.67,38.62,110,0.05
18.67,38.72,105,0.04
18.67,38.82,100,0.03
18.67,38.92,95,0.02
18.67,39.02,,
18.67,39.12,55,0.02
18.67,39.22,35,0.02
18.67,39.32,20,0.03
18.67,39.42,20,0.02
18.67,39.52,20,0.01
18.67,39.62,20,0.0
18.67,39.72,205,0.01
18.67,39.82,205,0.02
18.67,39.92,205,0.03
18.67,40.02,205,0.05
18.67,40.12,200,0.06
18.67,40.22,195,0.07
18.67,40.32,195,0.08
18.67,40.42,195,0.07
18.67,40.52,195,0.05
18.77,35.82,350,0.05
18.77,35.92,350,0.06
18.77,36.02,350,0.08
18.77,36.12,350,0.08
18.77,36.22,350,0.09
18.77,36.32,345,0.09
18.77,36.42,340,0.09
18.77,36.52,330,0.08
18.77,36.62,320,0.08
18.77,36.72,320,0.07
18.77,36.82,330,0.06
18.77,36.92,345,0.05
18.77,37.02,10,0.04
18.77,37.12,45,0.05
18.77,37.22,60,0.07
18.77,37.32,65,0.1
18.77,37.42,70,0.09
18.77,37.52,75,0.07
18.77,37.62,80,0.05
18.77,37.72,100,0.04
18.77,37.82,120,0.04
18.77,37.92,140,0.05
18.77,38.02,150,0.06
18.77,38.12,140,0.06
18.77,38.22,135,0.07
18.77,38.32,125,0.07
18.77,38.42,125,0.06
18.77,38.52,120,0.05
18.77,38.62,120,0.05
18.77,38.72,115,0.04
18.77,38.82,115,0.03
18.77,38.92,115,0.02
18.77,39.02,105,0.02
18.77,39.12,70,0.02
18.77,39.22,40,0.02
18.77,39.32,25,0.02
18.77,39.42,25,0.02
18.77,39.52,35,0.01
18.77,39.62,50,0.01
18.77,39.72,,
18.77,39.82,210,0.01
18.77,39.92,215,0.02
18.77,40.02,215,0.04
18.77,40.12,215,0.04
18.77,40.22,215,0.05
18.77,40.32,215,0.05
18.77,40.42,220,0.04
18.77,40.52,230,0.03
18.87,35.82,320,0.04
18.87,35.92,330,0.05
18.87,36.02,340,0.06
18.87,36.12,340,0.07
18.87,36.22,345,0.07
18.87,36.32,350,0.07
18.87,36.42,340,0.06
18.87,36.52,325,0.06
18.87,36.62,310,0.05
18.87,36.72,305,0.05
18.87,36.82,310,0.03
18.87,36.92,335,0.02
18.87,37.02,50,0.01
18.87,37.12,65,0.04
18.87,37.22,70,0.06
18.87,37.32,75,0.09
18.87,37.42,75,0.08
18.87,37.52,75,0.07
18.87,37.62,75,0.06
18.87,37.72,85,0.05
18.87,37.82,100,0.05
18.87,37.92,120,0.05
18.87,38.02,130,0.06
18.87,38.12,130,0.06
18.87,38.22,130,0.06
18.87,38.32,125,0.07
18.87,38.42,125,0.06
18.87,38.52,130,0.05
18.87,38.62,130,0.05
18.87,38.72,130,0.04
18.87,38.82,130,0.03
18.87,38.92,130,0.02
18.87,39.02,125,0.02
18.87,39.12,95,0.01
18.87,39.22,55,0.01
18.87,39.32,30,0.02
18.87,39.42,35,0.02
18.87,39.52,45,0.02
18.87,39.62,,
18.87,39.72,70,0.01
18.87,39.82,215,0.0
18.87,39.92,230,0.02
18.87,40.02,235,0.03
18.87,40.12,240,0.03
18.87,40.22,245,0.03
18.87,40.32,250,0.04
18.87,40.42,265,0.04
18.87,40.52,280,0.04
18.97,35.82,295,0.05
18.97,35.92,310,0.05
18.97,36.02,320,0.06
18.97,36.12,330,0.05
18.97,36.22,345,0.05
18.97,36.32,355,0.05
18.97,36.42,340,0.04
18.97,36.52,315,0.03
18.97,36.62,280,0.03
18.97,36.72,260,0.03
18.97,36.82,235,0.02
18.97,36.92,185,0.02
18.97,37.02,145,0.02
18.97,37.12,,
18.97,37.22,90,0.06
18.97,37.32,,
18.97,37.42,80,0.08
18.97,37.52,75,0.08
18.97,37.62,70,0.07
18.97,37.72,75,0.07
18.97,37.82,85,0.06
18.97,37.92,100,0.06
18.97,38.02,115,0.06
18.97,38.12,120,0.06
18.97,38.22,125,0.06
18.97,38.32,130,0.06
18.97,38.42,130,0.06
18.97,38.52,135,0.06
18.97,38.62,140,0.05
18.97,38.72,140,0.04
18.97,38.82,145,0.04
18.97,38.92,145,0.03
18.97,39.02,145,0.02
18.97,39.12,125,0.01
18.97,39.22,80,0.01
18.97,39.32,,
18.97,39.42,50,0.02
18.97,39.52,55,0.02
18.97,39.62,60,0.02
18.97,39.72,60,0.01
18.97,39.82,10,0.0
18.97,39.92,265,0.01
18.97,40.02,265,0.02
18.97,40.12,280,0.03
18.97,40.22,290,0.04
18.97,40.32,295,0.05
18.97,40.42,300,0.05
18.97,40.52,305,0.06
19.07,35.82,255,0.05
19.07,35.92,265,0.04
19.07,36.02,270,0.04
19.07,36.12,275,0.02
19.07,36.22,285,0.01
19.07,36.32,5,0.0
19.07,36.42,240,0.01
19.07,36.52,,
19.07,36.62,230,0.03
19.07,36.72,220,0.03
19.07,36.82,200,0.03
19.07,36.92,185,0.03
19.07,37.02,165,0.04
19.07,37.12,130,0.04
19.07,37.22,105,0.05
19.07,37.32,90,0.07
19.07,37.42,85,0.07
19.07,37.52,80,0.07
19.07,37.62,75,0.07
19.07,37.72,75,0.07
19.07,37.82,85,0.07
19.07,37.92,95,0.07
19.07,38.02,105,0.07
19.07,38.12,110,0.06
19.07,38.22,115,0.06
19.07,38.32,120,0.06
19.07,38.42,125,0.06
19.07,38.52,130,0.06
19.07,38.62,140,0.05
19.07,38.72,145,0.04
19.07,38.82,,
19.07,38.92,160,0.03
19.07,39.02,170,0.02
19.07,39.12,155,0.01
19.07,39.22,90,0.01
19.07,39.32,35,0.01
19.07,39.42,40,0.01
19.07,39.52,45,0.02
19.07,39.62,50,0.02
19.07,39.72,45,0.02
19.07,39.82,5,0.01
19.07,39.92,300,0.01
19.07,40.02,285,0.02
19.07,40.12,295,0.03
19.07,40.22,295,0.05
19.07,40.32,300,0.06
19.07,40.42,305,0.06
19.07,40.52,310,0.07
19.17,35.82,220,0.07
19.17,35.92,215,0.07
19.17,36.02,215,0.07
19.17,36.12,205,0.06
19.17,36.22,190,0.05
19.17,36.32,175,0.05
19.17,36.42,185,0.05
19.17,36.52,195,0.05
19.17,36.62,205,0.05
19.17,36.72,205,0.05
19.17,36.82,195,0.05
19.17,36.92,190,0.05
19.17,37.02,175,0.04
19.17,37.12,150,0.04
19.17,37.22,125,0.05
19.17,37.32,105,0.06
19.17,37.42,100,0.06
19.17,37.52,90,0.06
19.17,37.62,85,0.06
19.17,37.72,85,0.07
19.17,37.82,90,0.07
19.17,37.92,95,0.07
19.17,38.02,100,0.07
19.17,38.12,105,0.07
19.17,38.22,105,0.07
19.17,38.32,,
19.17,38.42,120,0.06
19.17,38.52,130,0.05
19.17,38.62,140,0.05
19.17,38.72,145,0.04
19.17,38.82,155,0.03
19.17,38.92,175,0.03
19.17,39.02,195,0.02
19.17,39.12,200,0.01
19.17,39.22,265,0.0
19.17,39.32,355,0.01
19.17,39.42,15,0.01
19.17,39.52,30,0.02
19.17,39.62,35,0.02
19.17,39.72,25,0.02
19.17,39.82,,
19.17,39.92,315,0.02
19.17,40.02,295,0.02
19.17,40.12,300,0.04
19.17,40.22,300,0.05
19.17,40.32,300,0.06
19.17,40.42,305,0.07
19.17,40.52,,
19.27,35.82,205,0.1
19.27,35.92,200,0.11
19.27,36.02,200,0.12
19.27,36.12,190,0.11
19.27,36.22,185,0.1
19.27,36.32,175,0.1
19.27,36.42,180,0.09
19.27,36.52,185,0.08
19.27,36.62,195,0.07
19.27,36.72,195,0.07
19.27,36.82,195,0.06
19.27,36.92,190,0.06
19.27,37.02,185,0.05
19.27,37.12,165,0.05
19.27,37.22,145,0.05
19.27,37.32,125,0.06
19.27,37.42,115,0.06
19.27,37.52,105,0.06
19.27,37.62,95,0.06
19.27,37.72,90,0.06
19.27,37.82,95,0.07
19.27,37.92,95,0.07
19.27,38.02,95,0.08
19.27,38.12,95,0.07
19.27,38.22,100,0.07
19.27,38.32,105,0.07
19.27,38.42,110,0.06
19.27,38.52,125,0.05
19.27,38.62,135,0.05
19.27,38.72,150,0.04
19.27,38.82,165,0.03
19.27,38.92,190,0.03
19.27,39.02,215,0.02
19.27,39.12,230,0.01
19.27,39.22,270,0.01
19.27,39.32,325,0.01
19.27,39.42,355,0.01
19.27,39.52,10,0.02
19.27,39.62,20,0.03
19.27,39.72,15,0.03
19.27,39.82,355,0.02
19.27,39.92,325,0.02
19.27,40.02,305,0.03
19.27,40.12,300,0.04
19.27,40.22,300,0.05
19.27,40.32,295,0.06
19.27,40.42,,
19.27,40.52,,
19.37,35.82,,
19.37,35.92,195,0.14
19.37,36.02,195,0.15
19.37,36.12,190,0.14
19.37,36.22,185,0.14
19.37,36.32,180,0.13
19.37,36.42,180,0.12
19.37,36.52,185,0.1
19.37,36.62,195,0.09
19.37,36.72,195,0.08
19.37,36.82,195,0.07
19.37,36.92,195,0.07
19.37,37.02,190,0.06
19.37,37.12,175,0.05
19.37,37.22,155,0.05
19.37,37.32,140,0.06
19.37,37.42,130,0.06
19.37,37.52,120,0.06
19.37,37.62,105,0.06
19.37,37.72,100,0.06
19.37,37.82,95,0.07
19.37,37.92,90,0.07
19.37,38.02,90,0.08
19.37,38.12,90,0.08
19.37,38.22,90,0.07
19.37,38.32,95,0.07
19.37,38.42,100,0.06
19.37,38.52,110,0.05
19.37,38.62,125,0.04
19.37,38.72,140,0.04
19.37,38.82,165,0.02
19.37,38.92,205,0.02
19.37,39.02,240,0.02
19.37,39.12,260,0.02
19.37,39.22,290,0.02
19.37,39.32,315,0.02
19.37,39.42,340,0.02
19.37,39.52,360,0.03
19.37,39.62,10,0.03
19.37,39.72,,
19.37,39.82,,
19.37,39.92,,
19.37,40.02,,
19.37,40.12,,
19.37,40.22,,
19.37,40.32,,
19.37,40.42,,
19.37,40.52,,
19.47,35.82,190,0.12
19.47,35.92,190,0.14
19.47,36.02,190,0.15
19.47,36.12,190,0.15
19.47,36.22,190,0.14
19.47,36.32,185,0.13
19.47,36.42,190,0.12
19.47,36.52,195,0.1
19.47,36.62,205,0.09
19.47,36.72,205,0.08
19.47,36.82,,
19.47,36.92,200,0.07
19.47,37.02,190,0.06
19.47,37.12,175,0.06
19.47,37.22,160,0.06
19.47,37.32,145,0.06
19.47,37.42,135,0.06
19.47,37.52,125,0.06
19.47,37.62,115,0.05
19.47,37.72,105,0.06
19.47,37.82,95,0.06
19.47,37.92,90,0.07
19.47,38.02,85,0.07
19.47,38.12,80,0.07
19.47,38.22,80,0.07
19.47,38.32,80,0.08
19.47,38.42,80,0.06
19.47,38.52,,
19.47,38.62,95,0.04
19.47,38.72,,
19.47,38.82,105,0.01
19.47,38.92,280,0.01
19.47,39.02,285,0.02
19.47,39.12,305,0.02
19.47,39.22,315,0.03
19.47,39.32,325,0.03
19.47,39.42,340,0.03
19.47,39.52,350,0.04
19.47,39.62,,
19.47,39.72,,
19.47,39.82,,
19.47,39.92,,
19.47,40.02,,
19.47,40.12,,
19.47,40.22,,
19.47,40.32,,
19.47,40.42,,
19.47,40.52,,
19.57,35.82,185,0.12
19.57,35.92,185,0.14
19.57,36.02,190,0.15
19.57,36.12,190,0.15
19.57,36.22,190,0.14
19.57,36.32,195,0.13
19.57,36.42,200,0.12
19.57,36.52,205,0.11
19.57,36.62,215,0.1
19.57,36.72,215,0.09
19.57,36.82,210,0.08
19.57,36.92,205,0.07
19.57,37.02,195,0.06
19.57,37.12,180,0.06
19.57,37.22,165,0.06
19.57,37.32,155,0.07
19.57,37.42,145,0.06
19.57,37.52,135,0.06
19.57,37.62,125,0.05
19.57,37.72,110,0.05
19.57,37.82,95,0.06
19.57,37.92,85,0.06
19.57,38.02,75,0.07
19.57,38.12,75,0.07
19.57,38.22,70,0.08
19.57,38.32,65,0.08
19.57,38.42,65,0.07
19.57,38.52,65,0.06
19.57,38.62,65,0.04
19.57,38.72,50,0.03
19.57,38.82,20,0.02
19.57,38.92,340,0.02
19.57,39.02,320,0.03
19.57,39.12,325,0.04
19.57,39.22,325,0.04
19.57,39.32,330,0.04
19.57,39.42,335,0.05
19.57,39.52,,
19.57,39.62,,
19.57,39.72,,
19.57,39.82,,
19.57,39.92,,
19.57,40.02,,
19.57,40.12,,
19.57,40.22,,
19.57,40.32,,
19.57,40.42,,
19.57,40.52,,
19.67,35.82,175,0.12
19.67,35.92,185,0.13
19.67,36.02,190,0.15
19.67,36.12,190,0.14
19.67,36.22,195,0.14
19.67,36.32,200,0.14
19.67,36.42,205,0.13
19.67,36.52,215,0.11
19.67,36.62,220,0.1
19.67,36.72,220,0.09
19.67,36.82,215,0.08
19.67,36.92,205,0.07
19.67,37.02,195,0.06
19.67,37.12,180,0.06
19.67,37.22,170,0.07
19.67,37.32,160,0.08
19.67,37.42,150,0.07
19.67,37.52,145,0.06
19.67,37.62,135,0.05
19.67,37.72,115,0.05
19.67,37.82,,
19.67,37.92,80,0.06
19.67,38.02,70,0.06
19.67,38.12,65,0.07
19.67,38.22,60,0.08
19.67,38.32,60,0.09
19.67,38.42,55,0.08
19.67,38.52,50,0.07
19.67,38.62,,
19.67,38.72,30,0.05
19.67,38.82,10,0.04
19.67,38.92,350,0.04
19.67,39.02,335,0.05
19.67,39.12,330,0.05
19.67,39.22,330,0.05
19.67,39.32,330,0.06
19.67,39.42,,
19.67,39.52,,
19.67,39.62,,
19.67,39.72,,
19.67,39.82,,
19.67,39.92,,
19.67,40.02,,
19.67,40.12,,
19.67,40.22,,
19.67,40.32,,
19.67,40.42,,
19.67,40.52,,
19.77,35.82,170,0.08
19.77,35.92,180,0.1
19.77,36.02,190,0.11
19.77,36.12,195,0.11
19.77,36.22,205,0.11
19.77,36.32,210,0.11
19.77,36.42,215,0.1
19.77,36.52,220,0.1
19.77,36.62,225,0.09
19.77,36.72,225,0.08
19.77,36.82,215,0.08
19.77,36.92,205,0.07
19.77,37.02,190,0.07
19.77,37.12,185,0.07
19.77,37.22,175,0.07
19.77,37.32,165,0.08
19.77,37.42,160,0.07
19.77,37.52,155,0.05
19.77,37.62,,
19.77,37.72,130,0.03
19.77,37.82,100,0.03
19.77,37.92,75,0.04
19.77,38.02,60,0.05
19.77,38.12,55,0.07
19.77,38.22,55,0.08
19.77,38.32,50,0.09
19.77,38.42,45,0.09
19.77,38.52,40,0.08
19.77,38.62,30,0.07
19.77,38.72,20,0.06
19.77,38.82,10,0.06
19.77,38.92,355,0.05
19.77,39.02,340,0.06
19.77,39.12,340,0.06
19.77,39.22,340,0.06
19.77,39.32,335,0.06
19.77,39.42,,
19.77,39.52,,
19.77,39.62,,
19.77,39.72,,
19.77,39.82,,
