35.820,15.270,
35.820,15.370,
35.820,15.470,
35.820,15.570,
35.820,15.670,
35.820,15.770,
35.820,15.870,
35.820,15.970,
35.820,16.070,
35.820,16.170,
35.820,16.270,
35.820,16.370,
35.820,16.470,
35.820,16.570,
35.820,16.670,
35.820,16.770,
35.820,16.870,
35.820,16.970,
35.820,17.070,
35.820,17.170,
35.820,17.270,
35.820,17.370,
35.820,17.470,
35.820,17.570,
35.820,17.670,
35.820,17.770,
35.820,17.870,
35.820,17.970,
35.820,18.070,
35.820,18.170,
35.820,18.270,
35.820,18.370,
35.820,18.470,
35.820,18.570,
35.820,18.670,
35.820,18.770,
35.820,18.870,
35.820,18.970,
35.820,19.070,
35.820,19.170,
35.820,19.270,
35.820,19.370,
35.820,19.470,
35.820,19.570,
35.820,19.670,
35.820,19.770,
35.820,19.870,
35.920,15.270,
35.920,15.370,
35.920,15.470,
35.920,15.570,
35.920,15.670,
35.920,15.770,
35.920,15.870,
35.920,15.970,
35.920,16.070,
35.920,16.170,-3742.00000
35.920,16.270,-3729.00000
35.920,16.370,-3696.00000
35.920,16.470,-3665.00000
35.920,16.570,-3618.00000
35.920,16.670,-3654.00000
35.920,16.770,-3656.00000
35.920,16.870,-3711.00000
35.920,16.970,-3699.00000
35.920,17.070,-3714.00000
35.920,17.170,-3806.00000
35.920,17.270,-3791.00000
35.920,17.370,-3821.00000
35.920,17.470,-3846.00000
35.920,17.570,-3907.00000
35.920,17.670,-4039.00000
35.920,17.770,-4059.00000
35.920,17.870,-4071.00000
35.920,17.970,-4081.00000
35.920,18.070,-4049.00000
35.920,18.170,-4104.00000
35.920,18.270,-4089.00000
35.920,18.370,-4104.00000
35.920,18.470,-4103.00000
35.920,18.570,-4094.00000
35.920,18.670,-3921.00000
35.920,18.770,-3796.00000
35.920,18.870,-3727.00000
35.920,18.970,-3622.00000
35.920,19.070,-3577.00000
35.920,19.170,-3431.00000
35.920,19.270,-3332.00000
35.920,19.370,-3180.00000
35.920,19.470,-3198.00000
35.920,19.570,-3206.00000
35.920,19.670,-3135.00000
35.920,19.770,-3153.00000
35.920,19.870,-3107.00000
36.020,15.270,
36.020,15.370,
36.020,15.470,
36.020,15.570,
36.020,15.670,
36.020,15.770,
36.020,15.870,
36.020,15.970,
36.020,16.070,
36.020,16.170,-3674.00000
36.020,16.270,-3579.00000
36.020,16.370,-3558.00000
36.020,16.470,-3555.00000
36.020,16.570,-3501.00000
36.020,16.670,-3516.00000
36.020,16.770,-3490.00000
36.020,16.870,-3577.00000
36.020,16.970,-3584.00000
36.020,17.070,-3580.00000
36.020,17.170,-3610.00000
36.020,17.270,-3683.00000
36.020,17.370,-3811.00000
36.020,17.470,-3798.00000
36.020,17.570,-3758.00000
36.020,17.670,-3785.00000
36.020,17.770,-3913.00000
36.020,17.870,-4004.00000
36.020,17.970,-4037.00000
36.020,18.070,-4067.00000
36.020,18.170,-4087.00000
36.020,18.270,-4087.00000
36.020,18.370,-4099.00000
36.020,18.470,-4100.00000
36.020,18.570,-4089.00000
36.020,18.670,-4004.00000
36.020,18.770,-3745.00000
36.020,18.870,-3707.00000
36.020,18.970,-3621.00000
36.020,19.070,-3547.00000
36.020,19.170,-3393.00000
36.020,19.270,-3259.00000
36.020,19.370,-3251.00000
36.020,19.470,-3148.00000
36.020,19.570,-3176.00000
36.020,19.670,-3193.00000
36.020,19.770,-3121.00000
36.020,19.870,-3128.00000
36.120,15.270,
36.120,15.370,
36.120,15.470,
36.120,15.570,
36.120,15.670,
36.120,15.770,
36.120,15.870,
36.120,15.970,
36.120,16.070,
36.120,16.170,-3477.00000
36.120,16.270,-3479.00000
36.120,16.370,-3406.00000
36.120,16.470,-3402.00000
36.120,16.570,-3391.00000
36.120,16.670,-3384.00000
36.120,16.770,-3417.00000
36.120,16.870,-3397.00000
36.120,16.970,-3476.00000
36.120,17.070,-3488.00000
36.120,17.170,-3646.00000
36.120,17.270,-3589.00000
36.120,17.370,-3596.00000
36.120,17.470,-3657.00000
36.120,17.570,-3746.00000
36.120,17.670,-3709.00000
36.120,17.770,-3764.00000
36.120,17.870,-3864.00000
36.120,17.970,-3917.00000
36.120,18.070,-4015.00000
36.120,18.170,-4075.00000
36.120,18.270,-4082.00000
36.120,18.370,-4119.00000
36.120,18.470,-4080.00000
36.120,18.570,-4085.00000
36.120,18.670,-3989.00000
36.120,18.770,-3879.00000
36.120,18.870,-3611.00000
36.120,18.970,-3641.00000
36.120,19.070,-3478.00000
36.120,19.170,-3401.00000
36.120,19.270,-3293.00000
36.120,19.370,-3310.00000
36.120,19.470,-3163.00000
36.120,19.570,-3170.00000
36.120,19.670,-3153.00000
36.120,19.770,-3225.00000
36.120,19.870,-3155.00000
36.220,15.270,
36.220,15.370,
36.220,15.470,
36.220,15.570,
36.220,15.670,
36.220,15.770,
36.220,15.870,
36.220,15.970,
36.220,16.070,
36.220,16.170,-3464.00000
36.220,16.270,-3385.00000
36.220,16.370,-3339.00000
36.220,16.470,-3337.00000
36.220,16.570,-3313.00000
36.220,16.670,-3332.00000
36.220,16.770,-3323.00000
36.220,16.870,-3346.00000
36.220,16.970,-3372.00000
36.220,17.070,-3443.00000
36.220,17.170,-3525.00000
36.220,17.270,-3491.00000
36.220,17.370,-3548.00000
36.220,17.470,-3568.00000
36.220,17.570,-3785.00000
36.220,17.670,-3676.00000
36.220,17.770,-3759.00000
36.220,17.870,-3789.00000
36.220,17.970,-3783.00000
36.220,18.070,-3867.00000
36.220,18.170,-4049.00000
36.220,18.270,-4056.00000
36.220,18.370,-4074.00000
36.220,18.470,-4082.00000
36.220,18.570,-4034.00000
36.220,18.670,-4005.00000
36.220,18.770,-3878.00000
36.220,18.870,-3696.00000
36.220,18.970,-3607.00000
36.220,19.070,-3446.00000
36.220,19.170,-3320.00000
36.220,19.270,-3338.00000
36.220,19.370,-3191.00000
36.220,19.470,-3174.00000
36.220,19.570,-3102.00000
36.220,19.670,-3211.00000
36.220,19.770,-3187.00000
36.220,19.870,-3233.00000
36.320,15.270,
36.320,15.370,
36.320,15.470,
36.320,15.570,
36.320,15.670,
36.320,15.770,
36.320,15.870,
36.320,15.970,
36.320,16.070,
36.320,16.170,-3376.00000
36.320,16.270,-3298.00000
36.320,16.370,-3261.00000
36.320,16.470,-3299.00000
36.320,16.570,-3256.00000
36.320,16.670,-3289.00000
36.320,16.770,-3315.00000
36.320,16.870,-3310.00000
36.320,16.970,-3320.00000
36.320,17.070,-3299.00000
36.320,17.170,-3352.00000
36.320,17.270,-3438.00000
36.320,17.370,-3495.00000
36.320,17.470,-3491.00000
36.320,17.570,-3521.00000
36.320,17.670,-3704.00000
36.320,17.770,-3706.00000
36.320,17.870,-3701.00000
36.320,17.970,-3721.00000
36.320,18.070,-3756.00000
36.320,18.170,-3851.00000
36.320,18.270,-4037.00000
36.320,18.370,-4046.00000
36.320,18.470,-4039.00000
36.320,18.570,-4002.00000
36.320,18.670,-3908.00000
36.320,18.770,-3897.00000
36.320,18.870,-3718.00000
36.320,18.970,-3609.00000
36.320,19.070,-3435.00000
36.320,19.170,-3324.00000
36.320,19.270,-3288.00000
36.320,19.370,-3233.00000
36.320,19.470,-3169.00000
36.320,19.570,-3222.00000
36.320,19.670,-3239.00000
36.320,19.770,-3315.00000
36.320,19.870,-3349.00000
36.420,15.270,
36.420,15.370,
36.420,15.470,
36.420,15.570,
36.420,15.670,
36.420,15.770,
36.420,15.870,
36.420,15.970,
36.420,16.070,
36.420,16.170,-3264.00000
36.420,16.270,-3306.00000
36.420,16.370,-3398.00000
36.420,16.470,-3246.00000
36.420,16.570,-3228.00000
36.420,16.670,-3282.00000
36.420,16.770,-3343.00000
36.420,16.870,-3381.00000
36.420,16.970,-3335.00000
36.420,17.070,-3301.00000
36.420,17.170,-3316.00000
36.420,17.270,-3407.00000
36.420,17.370,-3384.00000
36.420,17.470,-3470.00000
36.420,17.570,-3485.00000
36.420,17.670,-3532.00000
36.420,17.770,-3661.00000
36.420,17.870,-3595.00000
36.420,17.970,-3652.00000
36.420,18.070,-3802.00000
36.420,18.170,-3823.00000
36.420,18.270,-3887.00000
36.420,18.370,-4054.00000
36.420,18.470,-4052.00000
36.420,18.570,-3991.00000
36.420,18.670,-3931.00000
36.420,18.770,-3848.00000
36.420,18.870,-3807.00000
36.420,18.970,-3654.00000
36.420,19.070,-3586.00000
36.420,19.170,-3365.00000
36.420,19.270,-3318.00000
36.420,19.370,-3276.00000
36.420,19.470,-3291.00000
36.420,19.570,-3259.00000
36.420,19.670,-3311.00000
36.420,19.770,-3284.00000
36.420,19.870,-3229.00000
36.520,15.270,
36.520,15.370,
36.520,15.470,
36.520,15.570,
36.520,15.670,
36.520,15.770,
36.520,15.870,
36.520,15.970,
36.520,16.070,
36.520,16.170,-3335.00000
36.520,16.270,-3367.00000
36.520,16.370,-3271.00000
36.520,16.470,-3427.00000
36.520,16.570,-3365.00000
36.520,16.670,-3305.00000
36.520,16.770,-3279.00000
36.520,16.870,-3352.00000
36.520,16.970,-3450.00000
36.520,17.070,-3434.00000
36.520,17.170,-3412.00000
36.520,17.270,-3351.00000
36.520,17.370,-3353.00000
36.520,17.470,-3384.00000
36.520,17.570,-3440.00000
36.520,17.670,-3526.00000
36.520,17.770,-3525.00000
36.520,17.870,-3513.00000
36.520,17.970,-3712.00000
36.520,18.070,-3646.00000
36.520,18.170,-3740.00000
36.520,18.270,-3733.00000
36.520,18.370,-3781.00000
36.520,18.470,-3930.00000
36.520,18.570,-3870.00000
36.520,18.670,-3830.00000
36.520,18.770,-3893.00000
36.520,18.870,-3623.00000
36.520,18.970,-3516.00000
36.520,19.070,-3375.00000
36.520,19.170,-3359.00000
36.520,19.270,-3282.00000
36.520,19.370,-3338.00000
36.520,19.470,-3274.00000
36.520,19.570,-3327.00000
36.520,19.670,-3295.00000
36.520,19.770,-3260.00000
36.520,19.870,-3216.00000
36.620,15.270,
36.620,15.370,
36.620,15.470,
36.620,15.570,
36.620,15.670,
36.620,15.770,
36.620,15.870,
36.620,15.970,
36.620,16.070,
36.620,16.170,-3291.00000
36.620,16.270,-3268.00000
36.620,16.370,-3344.00000
36.620,16.470,-3404.00000
36.620,16.570,-3312.00000
36.620,16.670,-3361.00000
36.620,16.770,-3305.00000
36.620,16.870,-3368.00000
36.620,16.970,-3383.00000
36.620,17.070,-3413.00000
36.620,17.170,-3443.00000
36.620,17.270,-3356.00000
36.620,17.370,-3313.00000
36.620,17.470,-3323.00000
36.620,17.570,-3363.00000
36.620,17.670,-3466.00000
36.620,17.770,-3493.00000
36.620,17.870,-3507.00000
36.620,17.970,-3618.00000
36.620,18.070,-3627.00000
36.620,18.170,-3711.00000
36.620,18.270,-3736.00000
36.620,18.370,-3758.00000
36.620,18.470,-4046.00000
36.620,18.570,-3891.00000
36.620,18.670,-3806.00000
36.620,18.770,-3814.00000
36.620,18.870,-3601.00000
36.620,18.970,-3459.00000
36.620,19.070,-3365.00000
36.620,19.170,-3317.00000
36.620,19.270,-3329.00000
36.620,19.370,-3297.00000
36.620,19.470,-3338.00000
36.620,19.570,-3289.00000
36.620,19.670,-3283.00000
36.620,19.770,-3268.00000
36.620,19.870,-3182.00000
36.720,15.270,
36.720,15.370,
36.720,15.470,
36.720,15.570,
36.720,15.670,
36.720,15.770,
36.720,15.870,
36.720,15.970,
36.720,16.070,
36.720,16.170,-3150.00000
36.720,16.270,-3313.00000
36.720,16.370,-3223.00000
36.720,16.470,-3280.00000
36.720,16.570,-3292.00000
36.720,16.670,-3425.00000
36.720,16.770,-3499.00000
36.720,16.870,-3425.00000
36.720,16.970,-3453.00000
36.720,17.070,-3406.00000
36.720,17.170,-3506.00000
36.720,17.270,-3536.00000
36.720,17.370,-3303.00000
36.720,17.470,-3320.00000
36.720,17.570,-3324.00000
36.720,17.670,-3390.00000
36.720,17.770,-3455.00000
36.720,17.870,-3474.00000
36.720,17.970,-3508.00000
36.720,18.070,-3605.00000
36.720,18.170,-3591.00000
36.720,18.270,-3607.00000
36.720,18.370,-3643.00000
36.720,18.470,-3774.00000
36.720,18.570,-3794.00000
36.720,18.670,-3722.00000
36.720,18.770,-3799.00000
36.720,18.870,-3503.00000
36.720,18.970,-3451.00000
36.720,19.070,-3480.00000
36.720,19.170,-3364.00000
36.720,19.270,-3275.00000
36.720,19.370,-3298.00000
36.720,19.470,-3407.00000
36.720,19.570,-3378.00000
36.720,19.670,-3355.00000
36.720,19.770,-3189.00000
36.720,19.870,-3177.00000
36.820,15.270,
36.820,15.370,
36.820,15.470,
36.820,15.570,
36.820,15.670,
36.820,15.770,
36.820,15.870,
36.820,15.970,
36.820,16.070,
36.820,16.170,-2989.00000
36.820,16.270,-3223.00000
36.820,16.370,-3055.00000
36.820,16.470,-3168.00000
36.820,16.570,-3253.00000
36.820,16.670,-3355.00000
36.820,16.770,-3364.00000
36.820,16.870,-3462.00000
36.820,16.970,-3466.00000
36.820,17.070,-3452.00000
36.820,17.170,-3441.00000
36.820,17.270,-3461.00000
36.820,17.370,-3411.00000
36.820,17.470,-3382.00000
36.820,17.570,-3296.00000
36.820,17.670,-3397.00000
36.820,17.770,-3426.00000
36.820,17.870,-3509.00000
36.820,17.970,-3588.00000
36.820,18.070,-3659.00000
36.820,18.170,-3681.00000
36.820,18.270,-3707.00000
36.820,18.370,-3676.00000
36.820,18.470,-3717.00000
36.820,18.570,-3693.00000
36.820,18.670,-3584.00000
36.820,18.770,-3883.00000
36.820,18.870,-3641.00000
36.820,18.970,-3455.00000
36.820,19.070,-3434.00000
36.820,19.170,-3487.00000
36.820,19.270,-3422.00000
36.820,19.370,-3289.00000
36.820,19.470,-3356.00000
36.820,19.570,-3327.00000
36.820,19.670,-3474.00000
36.820,19.770,-3396.00000
36.820,19.870,-3226.00000
36.920,15.270,
36.920,15.370,
36.920,15.470,
36.920,15.570,
36.920,15.670,
36.920,15.770,
36.920,15.870,
36.920,15.970,
36.920,16.070,
36.920,16.170,-2812.00000
36.920,16.270,-2905.00000
36.920,16.370,-2860.00000
36.920,16.470,-3014.00000
36.920,16.570,-3215.00000
36.920,16.670,-3363.00000
36.920,16.770,-3203.00000
36.920,16.870,-3264.00000
36.920,16.970,-3383.00000
36.920,17.070,-3324.00000
36.920,17.170,-3409.00000
36.920,17.270,-3408.00000
36.920,17.370,-3458.00000
36.920,17.470,-3502.00000
36.920,17.570,-3394.00000
36.920,17.670,-3455.00000
36.920,17.770,-3462.00000
36.920,17.870,-3617.00000
36.920,17.970,-3536.00000
36.920,18.070,-3625.00000
36.920,18.170,-3675.00000
36.920,18.270,-3672.00000
36.920,18.370,-3815.00000
36.920,18.470,-3684.00000
36.920,18.570,-3735.00000
36.920,18.670,-3619.00000
36.920,18.770,-3750.00000
36.920,18.870,-3482.00000
36.920,18.970,-3417.00000
36.920,19.070,-3399.00000
36.920,19.170,-3453.00000
36.920,19.270,-3532.00000
36.920,19.370,-3371.00000
36.920,19.470,-3321.00000
36.920,19.570,-3456.00000
36.920,19.670,-3405.00000
36.920,19.770,-3693.00000
36.920,19.870,-3529.00000
37.020,15.270,
37.020,15.370,
37.020,15.470,
37.020,15.570,
37.020,15.670,
37.020,15.770,
37.020,15.870,
37.020,15.970,
37.020,16.070,
37.020,16.170,-2785.00000
37.020,16.270,-2907.00000
37.020,16.370,-2868.00000
37.020,16.470,-2928.00000
37.020,16.570,-2962.00000
37.020,16.670,-3038.00000
37.020,16.770,-3277.00000
37.020,16.870,-3287.00000
37.020,16.970,-3443.00000
37.020,17.070,-3516.00000
37.020,17.170,-3411.00000
37.020,17.270,-3439.00000
37.020,17.370,-3292.00000
37.020,17.470,-3500.00000
37.020,17.570,-3381.00000
37.020,17.670,-3429.00000
37.020,17.770,-3385.00000
37.020,17.870,-3401.00000
37.020,17.970,-3476.00000
37.020,18.070,-3438.00000
37.020,18.170,-3524.00000
37.020,18.270,-3537.00000
37.020,18.370,-3662.00000
37.020,18.470,-3746.00000
37.020,18.570,-3750.00000
37.020,18.670,-3579.00000
37.020,18.770,-3481.00000
37.020,18.870,-3566.00000
37.020,18.970,-3449.00000
37.020,19.070,-3347.00000
37.020,19.170,-3429.00000
37.020,19.270,-3459.00000
37.020,19.370,-3383.00000
37.020,19.470,-3411.00000
37.020,19.570,-3548.00000
37.020,19.670,-3501.00000
37.020,19.770,-3645.00000
37.020,19.870,-3491.00000
37.120,15.270,
37.120,15.370,
37.120,15.470,
37.120,15.570,
37.120,15.670,
37.120,15.770,
37.120,15.870,
37.120,15.970,
37.120,16.070,
37.120,16.170,-2811.00000
37.120,16.270,-2877.00000
37.120,16.370,-2962.00000
37.120,16.470,-2988.00000
37.120,16.570,-3073.00000
37.120,16.670,-3074.00000
37.120,16.770,-2974.00000
37.120,16.870,-3462.00000
37.120,16.970,-3495.00000
37.120,17.070,-3428.00000
37.120,17.170,-3253.00000
37.120,17.270,-3292.00000
37.120,17.370,-3275.00000
37.120,17.470,-3382.00000
37.120,17.570,-3282.00000
37.120,17.670,-3246.00000
37.120,17.770,-3415.00000
37.120,17.870,-3258.00000
37.120,17.970,-3398.00000
37.120,18.070,-3450.00000
37.120,18.170,-3421.00000
37.120,18.270,-3490.00000
37.120,18.370,-3575.00000
37.120,18.470,-3762.00000
37.120,18.570,-3686.00000
37.120,18.670,-3584.00000
37.120,18.770,-3489.00000
37.120,18.870,-3442.00000
37.120,18.970,-3398.00000
37.120,19.070,-3350.00000
37.120,19.170,-3281.00000
37.120,19.270,-3433.00000
37.120,19.370,-3420.00000
37.120,19.470,-3420.00000
37.120,19.570,-3392.00000
37.120,19.670,-3754.00000
37.120,19.770,-3522.00000
37.120,19.870,-3560.00000
37.220,15.270,
37.220,15.370,
37.220,15.470,
37.220,15.570,
37.220,15.670,
37.220,15.770,
37.220,15.870,
37.220,15.970,
37.220,16.070,
37.220,16.170,-2918.00000
37.220,16.270,-2928.00000
37.220,16.370,-2918.00000
37.220,16.470,-2885.00000
37.220,16.570,-2860.00000
37.220,16.670,-2828.00000
37.220,16.770,-2828.00000
37.220,16.870,-2780.00000
37.220,16.970,-3221.00000
37.220,17.070,-2997.00000
37.220,17.170,-3235.00000
37.220,17.270,-3192.00000
37.220,17.370,-3017.00000
37.220,17.470,-3169.00000
37.220,17.570,-3123.00000
37.220,17.670,-3150.00000
37.220,17.770,-3264.00000
37.220,17.870,-3236.00000
37.220,17.970,-3237.00000
37.220,18.070,-3393.00000
37.220,18.170,-3430.00000
37.220,18.270,-3373.00000
37.220,18.370,-3467.00000
37.220,18.470,-3398.00000
37.220,18.570,-3559.00000
37.220,18.670,-3687.00000
37.220,18.770,-3534.00000
37.220,18.870,-3439.00000
37.220,18.970,-3346.00000
37.220,19.070,-3311.00000
37.220,19.170,-3230.00000
37.220,19.270,-3343.00000
37.220,19.370,-3447.00000
37.220,19.470,-3341.00000
37.220,19.570,-3423.00000
37.220,19.670,-3593.00000
37.220,19.770,-3483.00000
37.220,19.870,-3607.00000
37.320,15.270,
37.320,15.370,
37.320,15.470,
37.320,15.570,
37.320,15.670,
37.320,15.770,
37.320,15.870,
37.320,15.970,
37.320,16.070,
37.320,16.170,-2857.00000
37.320,16.270,-2923.00000
37.320,16.370,-2935.00000
37.320,16.470,-2785.00000
37.320,16.570,-2720.00000
37.320,16.670,-2651.00000
37.320,16.770,-2674.00000
37.320,16.870,-2503.00000
37.320,16.970,-2639.00000
37.320,17.070,-2575.00000
37.320,17.170,-2697.00000
37.320,17.270,-2746.00000
37.320,17.370,-2668.00000
37.320,17.470,-2890.00000
37.320,17.570,-2967.00000
37.320,17.670,-2841.00000
37.320,17.770,-3113.00000
37.320,17.870,-3124.00000
37.320,17.970,-3129.00000
37.320,18.070,-3159.00000
37.320,18.170,-3185.00000
37.320,18.270,-3211.00000
37.320,18.370,-3292.00000
37.320,18.470,-3301.00000
37.320,18.570,-3529.00000
37.320,18.670,-3505.00000
37.320,18.770,-3498.00000
37.320,18.870,-3619.00000
37.320,18.970,-3332.00000
37.320,19.070,-3339.00000
37.320,19.170,-3233.00000
37.320,19.270,-3187.00000
37.320,19.370,-3321.00000
37.320,19.470,-3416.00000
37.320,19.570,-3489.00000
37.320,19.670,-3538.00000
37.320,19.770,-3481.00000
37.320,19.870,-3431.00000
37.420,15.270,
37.420,15.370,
37.420,15.470,
37.420,15.570,
37.420,15.670,
37.420,15.770,
37.420,15.870,
37.420,15.970,
37.420,16.070,
37.420,16.170,-2385.00000
37.420,16.270,-2605.00000
37.420,16.370,-2651.00000
37.420,16.470,-2656.00000
37.420,16.570,-2636.00000
37.420,16.670,-2504.00000
37.420,16.770,-2568.00000
37.420,16.870,-2510.00000
37.420,16.970,-2438.00000
37.420,17.070,-2450.00000
37.420,17.170,-2658.00000
37.420,17.270,-2623.00000
37.420,17.370,-2857.00000
37.420,17.470,-2599.00000
37.420,17.570,-2628.00000
37.420,17.670,-2649.00000
37.420,17.770,-2642.00000
37.420,17.870,-2830.00000
37.420,17.970,-2973.00000
37.420,18.070,-3046.00000
37.420,18.170,-2999.00000
37.420,18.270,-3141.00000
37.420,18.370,-3026.00000
37.420,18.470,-3188.00000
37.420,18.570,-3349.00000
37.420,18.670,-3235.00000
37.420,18.770,-3391.00000
37.420,18.870,-3518.00000
37.420,18.970,-3341.00000
37.420,19.070,-3278.00000
37.420,19.170,-3178.00000
37.420,19.270,-3183.00000
37.420,19.370,-3178.00000
37.420,19.470,-3283.00000
37.420,19.570,-3457.00000
37.420,19.670,-3414.00000
37.420,19.770,-3422.00000
37.420,19.870,-3296.00000
37.520,15.270,
37.520,15.370,
37.520,15.470,
37.520,15.570,
37.520,15.670,
37.520,15.770,
37.520,15.870,
37.520,15.970,
37.520,16.070,
37.520,16.170,-2062.00000
37.520,16.270,-2152.00000
37.520,16.370,-2358.00000
37.520,16.470,-2491.00000
37.520,16.570,-2569.00000
37.520,16.670,-2465.00000
37.520,16.770,-2453.00000
37.520,16.870,-2351.00000
37.520,16.970,-2339.00000
37.520,17.070,-2340.00000
37.520,17.170,-2223.00000
37.520,17.270,-2539.00000
37.520,17.370,-2809.00000
37.520,17.470,-3007.00000
37.520,17.570,-3032.00000
37.520,17.670,-2813.00000
37.520,17.770,-2657.00000
37.520,17.870,-2699.00000
37.520,17.970,-2665.00000
37.520,18.070,-2938.00000
37.520,18.170,-2929.00000
37.520,18.270,-3003.00000
37.520,18.370,-3021.00000
37.520,18.470,-3152.00000
37.520,18.570,-3115.00000
37.520,18.670,-3233.00000
37.520,18.770,-3443.00000
37.520,18.870,-3525.00000
37.520,18.970,-3311.00000
37.520,19.070,-3222.00000
37.520,19.170,-3193.00000
37.520,19.270,-3195.00000
37.520,19.370,-3184.00000
37.520,19.470,-3231.00000
37.520,19.570,-3327.00000
37.520,19.670,-3372.00000
37.520,19.770,-3366.00000
37.520,19.870,-3317.00000
37.620,15.270,
37.620,15.370,
37.620,15.470,
37.620,15.570,
37.620,15.670,
37.620,15.770,
37.620,15.870,
37.620,15.970,
37.620,16.070,
37.620,16.170,-1999.00000
37.620,16.270,-2020.00000
37.620,16.370,-2089.00000
37.620,16.470,-2233.00000
37.620,16.570,-2340.00000
37.620,16.670,-2394.00000
37.620,16.770,-2307.00000
37.620,16.870,-2280.00000
37.620,16.970,-2297.00000
37.620,17.070,-2243.00000
37.620,17.170,-2218.00000
37.620,17.270,-2365.00000
37.620,17.370,-2578.00000
37.620,17.470,-2899.00000
37.620,17.570,-2796.00000
37.620,17.670,-2851.00000
37.620,17.770,-2797.00000
37.620,17.870,-2732.00000
37.620,17.970,-2707.00000
37.620,18.070,-2872.00000
37.620,18.170,-3012.00000
37.620,18.270,-3025.00000
37.620,18.370,-2929.00000
37.620,18.470,-3113.00000
37.620,18.570,-3176.00000
37.620,18.670,-3313.00000
37.620,18.770,-3223.00000
37.620,18.870,-3350.00000
37.620,18.970,-3273.00000
37.620,19.070,-3320.00000
37.620,19.170,-3162.00000
37.620,19.270,-3261.00000
37.620,19.370,-3177.00000
37.620,19.470,-3153.00000
37.620,19.570,-3247.00000
37.620,19.670,-3323.00000
37.620,19.770,-3415.00000
37.620,19.870,-3464.00000
37.720,15.270,
37.720,15.370,
37.720,15.470,
37.720,15.570,
37.720,15.670,
37.720,15.770,
37.720,15.870,
37.720,15.970,
37.720,16.070,
37.720,16.170,-1812.00000
37.720,16.270,-2051.00000
37.720,16.370,-2020.00000
37.720,16.470,-1734.00000
37.720,16.570,-1810.00000
37.720,16.670,-2021.00000
37.720,16.770,-2205.00000
37.720,16.870,-2282.00000
37.720,16.970,-2157.00000
37.720,17.070,-2209.00000
37.720,17.170,-2034.00000
37.720,17.270,-2183.00000
37.720,17.370,-2247.00000
37.720,17.470,-2678.00000
37.720,17.570,-2868.00000
37.720,17.670,-3053.00000
37.720,17.770,-2991.00000
37.720,17.870,-2720.00000
37.720,17.970,-2664.00000
37.720,18.070,-2728.00000
37.720,18.170,-2942.00000
37.720,18.270,-2976.00000
37.720,18.370,-2970.00000
37.720,18.470,-3019.00000
37.720,18.570,-3202.00000
37.720,18.670,-3236.00000
37.720,18.770,-3352.00000
37.720,18.870,-3336.00000
37.720,18.970,-3291.00000
37.720,19.070,-3289.00000
37.720,19.170,-3267.00000
37.720,19.270,-3139.00000
37.720,19.370,-3184.00000
37.720,19.470,-3201.00000
37.720,19.570,-3308.00000
37.720,19.670,-3325.00000
37.720,19.770,-3505.00000
37.720,19.870,-2926.00000
37.820,15.270,
37.820,15.370,
37.820,15.470,
37.820,15.570,
37.820,15.670,
37.820,15.770,
37.820,15.870,
37.820,15.970,
37.820,16.070,
37.820,16.170,-1255.00000
37.820,16.270,-1452.00000
37.820,16.370,-1629.00000
37.820,16.470,-1694.00000
37.820,16.570,-1826.00000
37.820,16.670,-2001.00000
37.820,16.770,-2003.00000
37.820,16.870,-2075.00000
37.820,16.970,-2027.00000
37.820,17.070,-2048.00000
37.820,17.170,-1993.00000
37.820,17.270,-2003.00000
37.820,17.370,-2258.00000
37.820,17.470,-2544.00000
37.820,17.570,-2935.00000
37.820,17.670,-3005.00000
37.820,17.770,-2802.00000
37.820,17.870,-2917.00000
37.820,17.970,-2681.00000
37.820,18.070,-2614.00000
37.820,18.170,-2753.00000
37.820,18.270,-2910.00000
37.820,18.370,-3070.00000
37.820,18.470,-3026.00000
37.820,18.570,-3063.00000
37.820,18.670,-3335.00000
37.820,18.770,-3345.00000
37.820,18.870,-3333.00000
37.820,18.970,-3343.00000
37.820,19.070,-3305.00000
37.820,19.170,-3304.00000
37.820,19.270,-3257.00000
37.820,19.370,-3242.00000
37.820,19.470,-3299.00000
37.820,19.570,-3275.00000
37.820,19.670,-3417.00000
37.820,19.770,-3531.00000
37.820,19.870,-3546.00000
37.920,15.270,
37.920,15.370,
37.920,15.470,
37.920,15.570,
37.920,15.670,
37.920,15.770,
37.920,15.870,
37.920,15.970,
37.920,16.070,
37.920,16.170,-366.00000
37.920,16.270,-1166.00000
37.920,16.370,-1417.00000
37.920,16.470,-1648.00000
37.920,16.570,-1729.00000
37.920,16.670,-1745.00000
37.920,16.770,-1775.00000
37.920,16.870,-1748.00000
37.920,16.970,-1835.00000
37.920,17.070,-1752.00000
37.920,17.170,-1877.00000
37.920,17.270,-1963.00000
37.920,17.370,-2000.00000
37.920,17.470,-2116.00000
37.920,17.570,-2469.00000
37.920,17.670,-2721.00000
37.920,17.770,-2705.00000
37.920,17.870,-2562.00000
37.920,17.970,-2941.00000
37.920,18.070,-2619.00000
37.920,18.170,-2666.00000
37.920,18.270,-2536.00000
37.920,18.370,-3067.00000
37.920,18.470,-3078.00000
37.920,18.570,-3336.00000
37.920,18.670,-3301.00000
37.920,18.770,-3239.00000
37.920,18.870,-3299.00000
37.920,18.970,-3237.00000
37.920,19.070,-3278.00000
37.920,19.170,-3158.00000
37.920,19.270,-3269.00000
37.920,19.370,-3177.00000
37.920,19.470,-3295.00000
37.920,19.570,-3301.00000
37.920,19.670,-3334.00000
37.920,19.770,-3393.00000
37.920,19.870,-3542.00000
38.020,15.270,
38.020,15.370,
38.020,15.470,
38.020,15.570,
38.020,15.670,
38.020,15.770,
38.020,15.870,
38.020,15.970,
38.020,16.070,
38.020,16.170,-59.00000
38.020,16.270,-1022.00000
38.020,16.370,-1294.00000
38.020,16.470,-1424.00000
38.020,16.570,-1715.00000
38.020,16.670,-1778.00000
38.020,16.770,-1812.00000
38.020,16.870,-1814.00000
38.020,16.970,-1740.00000
38.020,17.070,-1670.00000
38.020,17.170,-1657.00000
38.020,17.270,-1460.00000
38.020,17.370,-1858.00000
38.020,17.470,-1918.00000
38.020,17.570,-2152.00000
38.020,17.670,-2785.00000
38.020,17.770,-2583.00000
38.020,17.870,-2913.00000
38.020,17.970,-2651.00000
38.020,18.070,-2587.00000
38.020,18.170,-2686.00000
38.020,18.270,-2602.00000
38.020,18.370,-2833.00000
38.020,18.470,-3154.00000
38.020,18.570,-3321.00000
38.020,18.670,-3343.00000
38.020,18.770,-3327.00000
38.020,18.870,-3335.00000
38.020,18.970,-3319.00000
38.020,19.070,-3231.00000
38.020,19.170,-3283.00000
38.020,19.270,-3294.00000
38.020,19.370,-3341.00000
38.020,19.470,-3365.00000
38.020,19.570,-3320.00000
38.020,19.670,-3431.00000
38.020,19.770,-3494.00000
38.020,19.870,-3736.00000
38.120,15.270,
38.120,15.370,
38.120,15.470,
38.120,15.570,
38.120,15.670,
38.120,15.770,
38.120,15.870,
38.120,15.970,
38.120,16.070,
38.120,16.170,-34.00000
38.120,16.270,-663.00000
38.120,16.370,-1103.00000
38.120,16.470,-1339.00000
38.120,16.570,-1574.00000
38.120,16.670,-1659.00000
38.120,16.770,-1765.00000
38.120,16.870,-1801.00000
38.120,16.970,-1720.00000
38.120,17.070,-1520.00000
38.120,17.170,-1654.00000
38.120,17.270,-1493.00000
38.120,17.370,-1527.00000
38.120,17.470,-1859.00000
38.120,17.570,-2048.00000
38.120,17.670,-2454.00000
38.120,17.770,-2679.00000
38.120,17.870,-2827.00000
38.120,17.970,-2516.00000
38.120,18.070,-2719.00000
38.120,18.170,-2695.00000
38.120,18.270,-2722.00000
38.120,18.370,-2968.00000
38.120,18.470,-3184.00000
38.120,18.570,-3259.00000
38.120,18.670,-3254.00000
38.120,18.770,-3342.00000
38.120,18.870,-3350.00000
38.120,18.970,-3336.00000
38.120,19.070,-3354.00000
38.120,19.170,-3288.00000
38.120,19.270,-3333.00000
38.120,19.370,-3379.00000
38.120,19.470,-3422.00000
38.120,19.570,-3417.00000
38.120,19.670,-3719.00000
38.120,19.770,-3725.00000
38.120,19.870,-3727.00000
38.220,15.270,
38.220,15.370,
38.220,15.470,
38.220,15.570,
38.220,15.670,
38.220,15.770,
38.220,15.870,
38.220,15.970,
38.220,16.070,
38.220,16.170,74.00000
38.220,16.270,-30.00000
38.220,16.370,-790.00000
38.220,16.470,-1146.00000
38.220,16.570,-1299.00000
38.220,16.670,-1323.00000
38.220,16.770,-1416.00000
38.220,16.870,-1730.00000
38.220,16.970,-1782.00000
38.220,17.070,-1643.00000
38.220,17.170,-1651.00000
38.220,17.270,-1701.00000
38.220,17.370,-1589.00000
38.220,17.470,-1748.00000
38.220,17.570,-1858.00000
38.220,17.670,-1958.00000
38.220,17.770,-2497.00000
38.220,17.870,-2425.00000
38.220,17.970,-2873.00000
38.220,18.070,-2503.00000
38.220,18.170,-2685.00000
38.220,18.270,-2653.00000
38.220,18.370,-2733.00000
38.220,18.470,-3030.00000
38.220,18.570,-3305.00000
38.220,18.670,-3338.00000
38.220,18.770,-3271.00000
38.220,18.870,-3376.00000
38.220,18.970,-3387.00000
38.220,19.070,-3312.00000
38.220,19.170,-3275.00000
38.220,19.270,-3334.00000
38.220,19.370,-3398.00000
38.220,19.470,-3607.00000
38.220,19.570,-3139.00000
38.220,19.670,-2624.00000
38.220,19.770,-2782.00000
38.220,19.870,-2708.00000
38.320,15.270,
38.320,15.370,
38.320,15.470,
38.320,15.570,
38.320,15.670,
38.320,15.770,
38.320,15.870,
38.320,15.970,
38.320,16.070,
38.320,16.170,652.00000
38.320,16.270,250.00000
38.320,16.370,23.00000
38.320,16.470,-49.00000
38.320,16.570,-376.00000
38.320,16.670,-705.00000
38.320,16.770,-833.00000
38.320,16.870,-852.00000
38.320,16.970,-1292.00000
38.320,17.070,-1696.00000
38.320,17.170,-1694.00000
38.320,17.270,-1757.00000
38.320,17.370,-1952.00000
38.320,17.470,-2098.00000
38.320,17.570,-1780.00000
38.320,17.670,-1916.00000
38.320,17.770,-2512.00000
38.320,17.870,-2768.00000
38.320,17.970,-2747.00000
38.320,18.070,-2706.00000
38.320,18.170,-2720.00000
38.320,18.270,-2690.00000
38.320,18.370,-2975.00000
38.320,18.470,-3013.00000
38.320,18.570,-3157.00000
38.320,18.670,-3290.00000
38.320,18.770,-3366.00000
38.320,18.870,-3358.00000
38.320,18.970,-3307.00000
38.320,19.070,-3114.00000
38.320,19.170,-3347.00000
38.320,19.270,-3392.00000
38.320,19.370,-3741.00000
38.320,19.470,-3749.00000
38.320,19.570,-3644.00000
38.320,19.670,-3647.00000
38.320,19.770,-2424.00000
38.320,19.870,-2507.00000
38.420,15.270,
38.420,15.370,
38.420,15.470,
38.420,15.570,
38.420,15.670,
38.420,15.770,
38.420,15.870,
38.420,15.970,
38.420,16.070,
38.420,16.170,839.00000
38.420,16.270,1007.00000
38.420,16.370,391.00000
38.420,16.470,303.00000
38.420,16.570,-4.00000
38.420,16.670,-241.00000
38.420,16.770,-548.00000
38.420,16.870,-486.00000
38.420,16.970,-1013.00000
38.420,17.070,-1582.00000
38.420,17.170,-1672.00000
38.420,17.270,-1785.00000
38.420,17.370,-1708.00000
38.420,17.470,-1712.00000
38.420,17.570,-1843.00000
38.420,17.670,-2014.00000
38.420,17.770,-2190.00000
38.420,17.870,-2399.00000
38.420,17.970,-2714.00000
38.420,18.070,-2265.00000
38.420,18.170,-2505.00000
38.420,18.270,-2790.00000
38.420,18.370,-2846.00000
38.420,18.470,-2913.00000
38.420,18.570,-3162.00000
38.420,18.670,-3310.00000
38.420,18.770,-3247.00000
38.420,18.870,-3133.00000
38.420,18.970,-3201.00000
38.420,19.070,-3609.00000
38.420,19.170,-3487.00000
38.420,19.270,-3522.00000
38.420,19.370,-3606.00000
38.420,19.470,-3510.00000
38.420,19.570,-2176.00000
38.420,19.670,-2474.00000
38.420,19.770,-2229.00000
38.420,19.870,-2191.00000
38.520,15.270,
38.520,15.370,
38.520,15.470,
38.520,15.570,
38.520,15.670,
38.520,15.770,
38.520,15.870,
38.520,15.970,
38.520,16.070,
38.520,16.170,606.00000
38.520,16.270,1138.00000
38.520,16.370,1177.00000
38.520,16.470,505.00000
38.520,16.570,44.00000
38.520,16.670,-184.00000
38.520,16.770,-473.00000
38.520,16.870,-567.00000
38.520,16.970,-1190.00000
38.520,17.070,-1493.00000
38.520,17.170,-1484.00000
38.520,17.270,-1620.00000
38.520,17.370,-1603.00000
38.520,17.470,-1844.00000
38.520,17.570,-1834.00000
38.520,17.670,-2058.00000
38.520,17.770,-2220.00000
38.520,17.870,-2315.00000
38.520,17.970,-2373.00000
38.520,18.070,-2351.00000
38.520,18.170,-2775.00000
38.520,18.270,-2762.00000
38.520,18.370,-2878.00000
38.520,18.470,-2971.00000
38.520,18.570,-3102.00000
38.520,18.670,-3158.00000
38.520,18.770,-3100.00000
38.520,18.870,-2987.00000
38.520,18.970,-3223.00000
38.520,19.070,-2066.00000
38.520,19.170,-2083.00000
38.520,19.270,-3470.00000
38.520,19.370,-3580.00000
38.520,19.470,-1852.00000
38.520,19.570,-1883.00000
38.520,19.670,-1862.00000
38.520,19.770,-1926.00000
38.520,19.870,-2099.00000
38.620,15.270,
38.620,15.370,
38.620,15.470,
38.620,15.570,
38.620,15.670,
38.620,15.770,
38.620,15.870,
38.620,15.970,
38.620,16.070,
38.620,16.170,227.00000
38.620,16.270,558.00000
38.620,16.370,744.00000
38.620,16.470,778.00000
38.620,16.570,-10.00000
38.620,16.670,-686.00000
38.620,16.770,-663.00000
38.620,16.870,-938.00000
38.620,16.970,-1367.00000
38.620,17.070,-1440.00000
38.620,17.170,-1535.00000
38.620,17.270,-1626.00000
38.620,17.370,-1694.00000
38.620,17.470,-1784.00000
38.620,17.570,-1799.00000
38.620,17.670,-1841.00000
38.620,17.770,-1954.00000
38.620,17.870,-2020.00000
38.620,17.970,-2428.00000
38.620,18.070,-2534.00000
38.620,18.170,-2715.00000
38.620,18.270,-2697.00000
38.620,18.370,-2687.00000
38.620,18.470,-2824.00000
38.620,18.570,-3062.00000
38.620,18.670,-3071.00000
38.620,18.770,-2919.00000
38.620,18.870,-3027.00000
38.620,18.970,-3010.00000
38.620,19.070,-1980.00000
38.620,19.170,-1814.00000
38.620,19.270,-1668.00000
38.620,19.370,-1647.00000
38.620,19.470,-1699.00000
38.620,19.570,-1690.00000
38.620,19.670,-1744.00000
38.620,19.770,-1806.00000
38.620,19.870,-1853.00000
38.720,15.270,
38.720,15.370,
38.720,15.470,
38.720,15.570,
38.720,15.670,
38.720,15.770,
38.720,15.870,
38.720,15.970,
38.720,16.070,
38.720,16.170,388.00000
38.720,16.270,130.00000
38.720,16.370,753.00000
38.720,16.470,506.00000
38.720,16.570,-337.00000
38.720,16.670,-792.00000
38.720,16.770,-828.00000
38.720,16.870,-1027.00000
38.720,16.970,-1046.00000
38.720,17.070,-1251.00000
38.720,17.170,-1493.00000
38.720,17.270,-1647.00000
38.720,17.370,-1715.00000
38.720,17.470,-1768.00000
38.720,17.570,-1784.00000
38.720,17.670,-1814.00000
38.720,17.770,-1893.00000
38.720,17.870,-1993.00000
38.720,17.970,-2305.00000
38.720,18.070,-2431.00000
38.720,18.170,-2620.00000
38.720,18.270,-2570.00000
38.720,18.370,-2712.00000
38.720,18.470,-2955.00000
38.720,18.570,-2979.00000
38.720,18.670,-2967.00000
38.720,18.770,-2975.00000
38.720,18.870,-3249.00000
38.720,18.970,-1934.00000
38.720,19.070,-1716.00000
38.720,19.170,-1581.00000
38.720,19.270,-1601.00000
38.720,19.370,-1352.00000
38.720,19.470,-1488.00000
38.720,19.570,-1448.00000
38.720,19.670,-1498.00000
38.720,19.770,-1617.00000
38.720,19.870,-1676.00000
38.820,15.270,
38.820,15.370,
38.820,15.470,
38.820,15.570,
38.820,15.670,
38.820,15.770,
38.820,15.870,
38.820,15.970,
38.820,16.070,
38.820,16.170,-107.00000
38.820,16.270,72.00000
38.820,16.370,689.00000
38.820,16.470,288.00000
38.820,16.570,74.00000
38.820,16.670,-68.00000
38.820,16.770,-506.00000
38.820,16.870,-345.00000
38.820,16.970,-963.00000
38.820,17.070,-784.00000
38.820,17.170,-708.00000
38.820,17.270,-1514.00000
38.820,17.370,-1694.00000
38.820,17.470,-1632.00000
38.820,17.570,-1728.00000
38.820,17.670,-1772.00000
38.820,17.770,-1823.00000
38.820,17.870,-2122.00000
38.820,17.970,-2114.00000
38.820,18.070,-2327.00000
38.820,18.170,-2406.00000
38.820,18.270,-2442.00000
38.820,18.370,-2676.00000
38.820,18.470,-2904.00000
38.820,18.570,-3157.00000
38.820,18.670,-2433.00000
38.820,18.770,-2944.00000
38.820,18.870,-1884.00000
38.820,18.970,-1593.00000
38.820,19.070,-1430.00000
38.820,19.170,-1575.00000
38.820,19.270,-1435.00000
38.820,19.370,-1311.00000
38.820,19.470,-1283.00000
38.820,19.570,-1358.00000
38.820,19.670,-1318.00000
38.820,19.770,-1485.00000
38.820,19.870,-1710.00000
38.920,15.270,
38.920,15.370,
38.920,15.470,
38.920,15.570,
38.920,15.670,
38.920,15.770,
38.920,15.870,
38.920,15.970,
38.920,16.070,
38.920,16.170,-46.00000
38.920,16.270,33.00000
38.920,16.370,148.00000
38.920,16.470,193.00000
38.920,16.570,383.00000
38.920,16.670,88.00000
38.920,16.770,101.00000
38.920,16.870,-6.00000
38.920,16.970,-17.00000
38.920,17.070,18.00000
38.920,17.170,-67.00000
38.920,17.270,-562.00000
38.920,17.370,-1476.00000
38.920,17.470,-1267.00000
38.920,17.570,-1495.00000
38.920,17.670,-1641.00000
38.920,17.770,-1780.00000
38.920,17.870,-1935.00000
38.920,17.970,-2197.00000
38.920,18.070,-2331.00000
38.920,18.170,-2343.00000
38.920,18.270,-2360.00000
38.920,18.370,-2754.00000
38.920,18.470,-2344.00000
38.920,18.570,-2094.00000
38.920,18.670,-1831.00000
38.920,18.770,-1665.00000
38.920,18.870,-1550.00000
38.920,18.970,-1377.00000
38.920,19.070,-1368.00000
38.920,19.170,-1354.00000
38.920,19.270,-1231.00000
38.920,19.370,-1159.00000
38.920,19.470,-1166.00000
38.920,19.570,-1207.00000
38.920,19.670,-1213.00000
38.920,19.770,-1527.00000
38.920,19.870,-1819.00000
39.020,15.270,
39.020,15.370,
39.020,15.470,
39.020,15.570,
39.020,15.670,
39.020,15.770,
39.020,15.870,
39.020,15.970,
39.020,16.070,
39.020,16.170,668.00000
39.020,16.270,856.00000
39.020,16.370,1088.00000
39.020,16.470,649.00000
39.020,16.570,604.00000
39.020,16.670,865.00000
39.020,16.770,642.00000
39.020,16.870,96.00000
39.020,16.970,83.00000
39.020,17.070,129.00000
39.020,17.170,70.00000
39.020,17.270,-740.00000
39.020,17.370,-666.00000
39.020,17.470,-987.00000
39.020,17.570,-1313.00000
39.020,17.670,-1662.00000
39.020,17.770,-1724.00000
39.020,17.870,-2294.00000
39.020,17.970,-2083.00000
39.020,18.070,-2546.00000
39.020,18.170,-2633.00000
39.020,18.270,-2712.00000
39.020,18.370,-2413.00000
39.020,18.470,-2005.00000
39.020,18.570,-1752.00000
39.020,18.670,-1529.00000
39.020,18.770,-1339.00000
39.020,18.870,-1279.00000
39.020,18.970,-1433.00000
39.020,19.070,-1200.00000
39.020,19.170,-1164.00000
39.020,19.270,-1043.00000
39.020,19.370,-1027.00000
39.020,19.470,-994.00000
39.020,19.570,-1069.00000
39.020,19.670,-1267.00000
39.020,19.770,-1661.00000
39.020,19.870,-1695.00000
39.120,15.270,
39.120,15.370,
39.120,15.470,
39.120,15.570,
39.120,15.670,
39.120,15.770,
39.120,15.870,
39.120,15.970,
39.120,16.070,
39.120,16.170,489.00000
39.120,16.270,259.00000
39.120,16.370,796.00000
39.120,16.470,1343.00000
39.120,16.570,1525.00000
39.120,16.670,1524.00000
39.120,16.770,528.00000
39.120,16.870,183.00000
39.120,16.970,282.00000
39.120,17.070,74.00000
39.120,17.170,-49.00000
39.120,17.270,-333.00000
39.120,17.370,-427.00000
39.120,17.470,-986.00000
39.120,17.570,-1179.00000
39.120,17.670,-1490.00000
39.120,17.770,-1602.00000
39.120,17.870,-1901.00000
39.120,17.970,-2156.00000
39.120,18.070,-2595.00000
39.120,18.170,-2516.00000
39.120,18.270,-2249.00000
39.120,18.370,-1899.00000
39.120,18.470,-1660.00000
39.120,18.570,-1454.00000
39.120,18.670,-1268.00000
39.120,18.770,-1120.00000
39.120,18.870,-1288.00000
39.120,18.970,-1120.00000
39.120,19.070,-979.00000
39.120,19.170,-1006.00000
39.120,19.270,-954.00000
39.120,19.370,-862.00000
39.120,19.470,-995.00000
39.120,19.570,-1129.00000
39.120,19.670,-1389.00000
39.120,19.770,-1546.00000
39.120,19.870,-1485.00000
39.220,15.270,
39.220,15.370,
39.220,15.470,
39.220,15.570,
39.220,15.670,
39.220,15.770,
39.220,15.870,
39.220,15.970,
39.220,16.070,
39.220,16.170,939.00000
39.220,16.270,693.00000
39.220,16.370,1171.00000
39.220,16.470,1344.00000
39.220,16.570,1508.00000
39.220,16.670,1411.00000
39.220,16.770,714.00000
39.220,16.870,153.00000
39.220,16.970,56.00000
39.220,17.070,91.00000
39.220,17.170,-287.00000
39.220,17.270,-596.00000
39.220,17.370,-945.00000
39.220,17.470,-1195.00000
39.220,17.570,-1103.00000
39.220,17.670,-1545.00000
39.220,17.770,-1742.00000
39.220,17.870,-1971.00000
39.220,17.970,-2460.00000
39.220,18.070,-2445.00000
39.220,18.170,-2067.00000
39.220,18.270,-1729.00000
39.220,18.370,-1451.00000
39.220,18.470,-1320.00000
39.220,18.570,-1204.00000
39.220,18.670,-1032.00000
39.220,18.770,-950.00000
39.220,18.870,-1065.00000
39.220,18.970,-990.00000
39.220,19.070,-875.00000
39.220,19.170,-847.00000
39.220,19.270,-775.00000
39.220,19.370,-921.00000
39.220,19.470,-1130.00000
39.220,19.570,-1320.00000
39.220,19.670,-1405.00000
39.220,19.770,-1374.00000
39.220,19.870,-1281.00000
39.320,15.270,
39.320,15.370,
39.320,15.470,
39.320,15.570,
39.320,15.670,
39.320,15.770,
39.320,15.870,
39.320,15.970,
39.320,16.070,
39.320,16.170,456.00000
39.320,16.270,279.00000
39.320,16.370,1102.00000
39.320,16.470,1425.00000
39.320,16.570,1561.00000
39.320,16.670,1226.00000
39.320,16.770,1023.00000
39.320,16.870,419.00000
39.320,16.970,252.00000
39.320,17.070,120.00000
39.320,17.170,-174.00000
39.320,17.270,-765.00000
39.320,17.370,-1264.00000
39.320,17.470,-1436.00000
39.320,17.570,-1467.00000
39.320,17.670,-1629.00000
39.320,17.770,-1829.00000
39.320,17.870,-2331.00000
39.320,17.970,-2328.00000
39.320,18.070,-1937.00000
39.320,18.170,-1638.00000
39.320,18.270,-1381.00000
39.320,18.370,-1318.00000
39.320,18.470,-1260.00000
39.320,18.570,-982.00000
39.320,18.670,-1009.00000
39.320,18.770,-1084.00000
39.320,18.870,-1026.00000
39.320,18.970,-960.00000
39.320,19.070,-926.00000
39.320,19.170,-948.00000
39.320,19.270,-1037.00000
39.320,19.370,-1118.00000
39.320,19.470,-1216.00000
39.320,19.570,-1327.00000
39.320,19.670,-1403.00000
39.320,19.770,-975.00000
39.320,19.870,-911.00000
39.420,15.270,
39.420,15.370,
39.420,15.470,
39.420,15.570,
39.420,15.670,
39.420,15.770,
39.420,15.870,
39.420,15.970,
39.420,16.070,
39.420,16.170,293.00000
39.420,16.270,179.00000
39.420,16.370,1161.00000
39.420,16.470,1155.00000
39.420,16.570,1549.00000
39.420,16.670,1208.00000
39.420,16.770,751.00000
39.420,16.870,608.00000
39.420,16.970,165.00000
39.420,17.070,19.00000
39.420,17.170,-143.00000
39.420,17.270,-710.00000
39.420,17.370,-865.00000
39.420,17.470,-1228.00000
39.420,17.570,-1505.00000
39.420,17.670,-1823.00000
39.420,17.770,-2099.00000
39.420,17.870,-2237.00000
39.420,17.970,-1830.00000
39.420,18.070,-1503.00000
39.420,18.170,-1329.00000
39.420,18.270,-1174.00000
39.420,18.370,-1051.00000
39.420,18.470,-840.00000
39.420,18.570,-962.00000
39.420,18.670,-979.00000
39.420,18.770,-1031.00000
39.420,18.870,-880.00000
39.420,18.970,-841.00000
39.420,19.070,-926.00000
39.420,19.170,-1046.00000
39.420,19.270,-1147.00000
39.420,19.370,-1018.00000
39.420,19.470,-1216.00000
39.420,19.570,-1294.00000
39.420,19.670,-1193.00000
39.420,19.770,-524.00000
39.420,19.870,-92.00000
39.520,15.270,
39.520,15.370,
39.520,15.470,
39.520,15.570,
39.520,15.670,
39.520,15.770,
39.520,15.870,
39.520,15.970,
39.520,16.070,
39.520,16.170,221.00000
39.520,16.270,196.00000
39.520,16.370,625.00000
39.520,16.470,690.00000
39.520,16.570,1093.00000
39.520,16.670,717.00000
39.520,16.770,317.00000
39.520,16.870,135.00000
39.520,16.970,-50.00000
39.520,17.070,-372.00000
39.520,17.170,-640.00000
39.520,17.270,-753.00000
39.520,17.370,-1064.00000
39.520,17.470,-1036.00000
39.520,17.570,-1565.00000
39.520,17.670,-2038.00000
39.520,17.770,-2111.00000
39.520,17.870,-1774.00000
39.520,17.970,-1395.00000
39.520,18.070,-1290.00000
39.520,18.170,-811.00000
39.520,18.270,-824.00000
39.520,18.370,-688.00000
39.520,18.470,-742.00000
39.520,18.570,-909.00000
39.520,18.670,-918.00000
39.520,18.770,-816.00000
39.520,18.870,-795.00000
39.520,18.970,-844.00000
39.520,19.070,-1021.00000
39.520,19.170,-1131.00000
39.520,19.270,-1162.00000
39.520,19.370,-1224.00000
39.520,19.470,-1250.00000
39.520,19.570,-1218.00000
39.520,19.670,-1017.00000
39.520,19.770,-331.00000
39.520,19.870,137.00000
39.620,15.270,
39.620,15.370,
39.620,15.470,
39.620,15.570,
39.620,15.670,
39.620,15.770,
39.620,15.870,
39.620,15.970,
39.620,16.070,
39.620,16.170,189.00000
39.620,16.270,180.00000
39.620,16.370,246.00000
39.620,16.470,83.00000
39.620,16.570,39.00000
39.620,16.670,-36.00000
39.620,16.770,-18.00000
39.620,16.870,-437.00000
39.620,16.970,-637.00000
39.620,17.070,-843.00000
39.620,17.170,-633.00000
39.620,17.270,-827.00000
39.620,17.370,-1120.00000
39.620,17.470,-1351.00000
39.620,17.570,-1880.00000
39.620,17.670,-1876.00000
39.620,17.770,-1439.00000
39.620,17.870,-1065.00000
39.620,17.970,-1059.00000
39.620,18.070,-956.00000
39.620,18.170,-359.00000
39.620,18.270,-457.00000
39.620,18.370,-430.00000
39.620,18.470,-601.00000
39.620,18.570,-740.00000
39.620,18.670,-690.00000
39.620,18.770,-637.00000
39.620,18.870,-687.00000
39.620,18.970,-867.00000
39.620,19.070,-997.00000
39.620,19.170,-1107.00000
39.620,19.270,-1157.00000
39.620,19.370,-1179.00000
39.620,19.470,-946.00000
39.620,19.570,-322.00000
39.620,19.670,-247.00000
39.620,19.770,205.00000
39.620,19.870,35.00000
39.720,15.270,
39.720,15.370,
39.720,15.470,
39.720,15.570,
39.720,15.670,
39.720,15.770,
39.720,15.870,
39.720,15.970,
39.720,16.070,
39.720,16.170,323.00000
39.720,16.270,68.00000
39.720,16.370,23.00000
39.720,16.470,4.00000
39.720,16.570,-215.00000
39.720,16.670,-384.00000
39.720,16.770,-487.00000
39.720,16.870,-259.00000
39.720,16.970,-246.00000
39.720,17.070,-749.00000
39.720,17.170,-957.00000
39.720,17.270,-1040.00000
39.720,17.370,-1146.00000
39.720,17.470,-1414.00000
39.720,17.570,-1950.00000
39.720,17.670,-1535.00000
39.720,17.770,-974.00000
39.720,17.870,-439.00000
39.720,17.970,-183.00000
39.720,18.070,-123.00000
39.720,18.170,-94.00000
39.720,18.270,-112.00000
39.720,18.370,-139.00000
39.720,18.470,-139.00000
39.720,18.570,-302.00000
39.720,18.670,-470.00000
39.720,18.770,-599.00000
39.720,18.870,-700.00000
39.720,18.970,-871.00000
39.720,19.070,-1012.00000
39.720,19.170,-1089.00000
39.720,19.270,-1135.00000
39.720,19.370,-1008.00000
39.720,19.470,-104.00000
39.720,19.570,-36.00000
39.720,19.670,-1.00000
39.720,19.770,359.00000
39.720,19.870,28.00000
39.820,15.270,
39.820,15.370,
39.820,15.470,
39.820,15.570,
39.820,15.670,
39.820,15.770,
39.820,15.870,
39.820,15.970,
39.820,16.070,
39.820,16.170,511.00000
39.820,16.270,412.00000
39.820,16.370,449.00000
39.820,16.470,37.00000
39.820,16.570,-123.00000
39.820,16.670,-397.00000
39.820,16.770,-137.00000
39.820,16.870,-491.00000
39.820,16.970,-778.00000
39.820,17.070,-477.00000
39.820,17.170,-830.00000
39.820,17.270,-1207.00000
39.820,17.370,-1363.00000
39.820,17.470,-1768.00000
39.820,17.570,-1618.00000
39.820,17.670,-907.00000
39.820,17.770,-404.00000
39.820,17.870,-184.00000
39.820,17.970,-121.00000
39.820,18.070,-39.00000
39.820,18.170,-20.00000
39.820,18.270,-19.00000
39.820,18.370,42.00000
39.820,18.470,-124.00000
39.820,18.570,-120.00000
39.820,18.670,-141.00000
39.820,18.770,-476.00000
39.820,18.870,-730.00000
39.820,18.970,-873.00000
39.820,19.070,-978.00000
39.820,19.170,-1048.00000
39.820,19.270,-1062.00000
39.820,19.370,-341.00000
39.820,19.470,-44.00000
39.820,19.570,-67.00000
39.820,19.670,-29.00000
39.820,19.770,-12.00000
39.820,19.870,-2.00000
39.920,15.270,
39.920,15.370,
39.920,15.470,
39.920,15.570,
39.920,15.670,
39.920,15.770,
39.920,15.870,
39.920,15.970,
39.920,16.070,
39.920,16.170,1904.00000
39.920,16.270,1079.00000
39.920,16.370,1543.00000
39.920,16.470,705.00000
39.920,16.570,84.00000
39.920,16.670,-60.00000
39.920,16.770,-226.00000
39.920,16.870,-747.00000
39.920,16.970,-834.00000
39.920,17.070,-819.00000
39.920,17.170,-880.00000
39.920,17.270,-1334.00000
39.920,17.370,-1682.00000
39.920,17.470,-1391.00000
39.920,17.570,-1039.00000
39.920,17.670,-549.00000
39.920,17.770,-328.00000
39.920,17.870,-200.00000
39.920,17.970,-138.00000
39.920,18.070,-5.00000
39.920,18.170,93.00000
39.920,18.270,137.00000
39.920,18.370,110.00000
39.920,18.470,-100.00000
39.920,18.570,-111.00000
39.920,18.670,-119.00000
39.920,18.770,-393.00000
39.920,18.870,-743.00000
39.920,18.970,-888.00000
39.920,19.070,-970.00000
39.920,19.170,-1020.00000
39.920,19.270,-1003.00000
39.920,19.370,-255.00000
39.920,19.470,-113.00000
39.920,19.570,-110.00000
39.920,19.670,-109.00000
39.920,19.770,-82.00000
39.920,19.870,-74.00000
40.020,15.270,
40.020,15.370,
40.020,15.470,
40.020,15.570,
40.020,15.670,
40.020,15.770,
40.020,15.870,
40.020,15.970,
40.020,16.070,
40.020,16.170,1064.00000
40.020,16.270,1056.00000
40.020,16.370,872.00000
40.020,16.470,400.00000
40.020,16.570,140.00000
40.020,16.670,-31.00000
40.020,16.770,-272.00000
40.020,16.870,-712.00000
40.020,16.970,-816.00000
40.020,17.070,-846.00000
40.020,17.170,-1461.00000
40.020,17.270,-1515.00000
40.020,17.370,-1414.00000
40.020,17.470,-1154.00000
40.020,17.570,-744.00000
40.020,17.670,-340.00000
40.020,17.770,-253.00000
40.020,17.870,-125.00000
40.020,17.970,-38.00000
40.020,18.070,36.00000
40.020,18.170,134.00000
40.020,18.270,115.00000
40.020,18.370,96.00000
40.020,18.470,-69.00000
40.020,18.570,-100.00000
40.020,18.670,-110.00000
40.020,18.770,-345.00000
40.020,18.870,-809.00000
40.020,18.970,-881.00000
40.020,19.070,-961.00000
40.020,19.170,-986.00000
40.020,19.270,-1001.00000
40.020,19.370,-817.00000
40.020,19.470,-236.00000
40.020,19.570,-141.00000
40.020,19.670,-211.00000
40.020,19.770,-167.00000
40.020,19.870,-22.00000
40.120,15.270,
40.120,15.370,
40.120,15.470,
40.120,15.570,
40.120,15.670,
40.120,15.770,
40.120,15.870,
40.120,15.970,
40.120,16.070,
40.120,16.170,678.00000
40.120,16.270,303.00000
40.120,16.370,339.00000
40.120,16.470,631.00000
40.120,16.570,95.00000
40.120,16.670,-9.00000
40.120,16.770,-49.00000
40.120,16.870,-409.00000
40.120,16.970,-591.00000
40.120,17.070,-1293.00000
40.120,17.170,-1371.00000
40.120,17.270,-977.00000
40.120,17.370,-1116.00000
40.120,17.470,-851.00000
40.120,17.570,-446.00000
40.120,17.670,-205.00000
40.120,17.770,-112.00000
40.120,17.870,-48.00000
40.120,17.970,-32.00000
40.120,18.070,95.00000
40.120,18.170,84.00000
40.120,18.270,81.00000
40.120,18.370,83.00000
40.120,18.470,61.00000
40.120,18.570,-88.00000
40.120,18.670,-107.00000
40.120,18.770,-598.00000
40.120,18.870,-797.00000
40.120,18.970,-892.00000
40.120,19.070,-951.00000
40.120,19.170,-974.00000
40.120,19.270,-980.00000
40.120,19.370,-966.00000
40.120,19.470,-707.00000
40.120,19.570,-245.00000
40.120,19.670,-34.00000
40.120,19.770,283.00000
40.120,19.870,440.00000
40.220,15.270,
40.220,15.370,
40.220,15.470,
40.220,15.570,
40.220,15.670,
40.220,15.770,
40.220,15.870,
40.220,15.970,
40.220,16.070,
40.220,16.170,763.00000
40.220,16.270,355.00000
40.220,16.370,744.00000
40.220,16.470,132.00000
40.220,16.570,51.00000
40.220,16.670,30.00000
40.220,16.770,-11.00000
40.220,16.870,-467.00000
40.220,16.970,-908.00000
40.220,17.070,-1139.00000
40.220,17.170,-1073.00000
40.220,17.270,-802.00000
40.220,17.370,-547.00000
40.220,17.470,-287.00000
40.220,17.570,-159.00000
40.220,17.670,-95.00000
40.220,17.770,-40.00000
40.220,17.870,-31.00000
40.220,17.970,45.00000
40.220,18.070,48.00000
40.220,18.170,54.00000
40.220,18.270,93.00000
40.220,18.370,44.00000
40.220,18.470,-6.00000
40.220,18.570,-99.00000
40.220,18.670,-171.00000
40.220,18.770,-715.00000
40.220,18.870,-814.00000
40.220,18.970,-906.00000
40.220,19.070,-950.00000
40.220,19.170,-952.00000
40.220,19.270,-892.00000
40.220,19.370,-632.00000
40.220,19.470,-6.00000
40.220,19.570,937.00000
40.220,19.670,462.00000
40.220,19.770,369.00000
40.220,19.870,1248.00000
40.320,15.270,
40.320,15.370,
40.320,15.470,
40.320,15.570,
40.320,15.670,
40.320,15.770,
40.320,15.870,
40.320,15.970,
40.320,16.070,
40.320,16.170,776.00000
40.320,16.270,279.00000
40.320,16.370,183.00000
40.320,16.470,206.00000
40.320,16.570,280.00000
40.320,16.670,33.00000
40.320,16.770,5.00000
40.320,16.870,-149.00000
40.320,16.970,-835.00000
40.320,17.070,-732.00000
40.320,17.170,-453.00000
40.320,17.270,-267.00000
40.320,17.370,-47.00000
40.320,17.470,3.00000
40.320,17.570,29.00000
40.320,17.670,18.00000
40.320,17.770,26.00000
40.320,17.870,41.00000
40.320,17.970,36.00000
40.320,18.070,43.00000
40.320,18.170,40.00000
40.320,18.270,35.00000
40.320,18.370,9.00000
40.320,18.470,-99.00000
40.320,18.570,-125.00000
40.320,18.670,-588.00000
40.320,18.770,-764.00000
40.320,18.870,-840.00000
40.320,18.970,-888.00000
40.320,19.070,-896.00000
40.320,19.170,-805.00000
40.320,19.270,-438.00000
40.320,19.370,-14.00000
40.320,19.470,4.00000
40.320,19.570,1075.00000
40.320,19.670,217.00000
40.320,19.770,879.00000
40.320,19.870,1682.00000
40.420,15.270,
40.420,15.370,
40.420,15.470,
40.420,15.570,
40.420,15.670,
40.420,15.770,
40.420,15.870,
40.420,15.970,
40.420,16.070,
40.420,16.170,891.00000
40.420,16.270,406.00000
40.420,16.370,138.00000
40.420,16.470,119.00000
40.420,16.570,34.00000
40.420,16.670,151.00000
40.420,16.770,50.00000
40.420,16.870,1.00000
40.420,16.970,-245.00000
40.420,17.070,-199.00000
40.420,17.170,-47.00000
40.420,17.270,14.00000
40.420,17.370,30.00000
40.420,17.470,85.00000
40.420,17.570,93.00000
40.420,17.670,75.00000
40.420,17.770,64.00000
40.420,17.870,52.00000
40.420,17.970,32.00000
40.420,18.070,46.00000
40.420,18.170,23.00000
40.420,18.270,1.00000
40.420,18.370,-94.00000
40.420,18.470,-99.00000
40.420,18.570,-124.00000
40.420,18.670,-686.00000
40.420,18.770,-808.00000
40.420,18.870,-843.00000
40.420,18.970,-843.00000
40.420,19.070,-724.00000
40.420,19.170,-320.00000
40.420,19.270,-116.00000
40.420,19.370,-41.00000
40.420,19.470,-44.00000
40.420,19.570,271.00000
40.420,19.670,289.00000
40.420,19.770,69.00000
40.420,19.870,236.00000
